EmployeeID,JobID,PersonalID,MonthlyIncome,DailyRate,HourlyRate,PercentSalaryHike,TotalWorkingYears,YearsAtCompany,YearsInCurrentRole,YearsSinceLastPromotion,YearsWithCurrManager,Attrition
1,1,1,5993,1102,94,11,8,6,4,0,5,Yes
2,2,2,5130,279,61,23,10,10,7,1,7,No
4,3,3,2090,1373,92,15,7,0,0,0,0,Yes
5,4,4,2909,1392,56,11,8,8,7,3,0,No
7,3,5,3468,591,40,12,6,2,2,2,2,No
8,5,6,3068,1005,79,13,8,7,7,3,6,No
10,3,7,2670,1324,81,20,12,1,0,0,0,No
11,3,8,2693,1358,67,22,1,1,0,0,0,No
12,6,8,9526,216,44,21,10,9,7,1,8,No
13,7,9,5237,1299,94,13,17,7,7,7,7,No
14,3,10,2426,809,84,13,6,5,4,0,3,No
15,8,11,4193,153,49,12,10,9,5,0,8,No
16,9,12,2911,670,31,17,5,5,2,4,3,No
18,3,13,2661,1346,93,11,3,2,2,1,2,No
19,3,14,2028,103,50,14,6,4,2,0,3,Yes
20,10,15,9980,1389,51,11,10,10,9,8,8,No
21,9,16,3298,334,80,12,7,6,2,0,5,No
22,11,17,2935,1123,96,13,1,1,0,0,0,No
23,12,18,15427,1219,78,16,31,25,8,3,7,No
24,9,19,3944,371,45,11,6,3,2,1,2,No
26,13,12,4011,673,96,18,5,4,2,1,3,No
27,14,20,3407,1218,82,23,10,5,3,0,3,Yes
28,15,10,11994,419,53,11,13,12,6,2,11,No
30,9,21,1232,391,96,14,0,0,0,0,0,No
31,9,15,2960,699,83,11,8,4,2,1,3,Yes
32,16,22,19094,1282,58,11,26,14,13,4,8,No
33,4,23,3919,1125,72,22,10,10,2,6,7,Yes
35,1,24,6825,691,48,11,10,9,7,4,2,No
36,17,25,10248,477,42,14,24,22,6,5,17,No
38,18,26,18947,705,83,12,22,2,2,2,1,No
39,3,21,2496,924,78,11,7,1,1,0,0,No
40,7,27,6465,1459,41,13,9,4,2,1,3,No
41,3,28,2206,125,83,13,10,10,0,1,8,No
42,19,29,2086,895,56,14,19,1,0,0,0,Yes
45,9,30,2293,813,61,16,6,2,0,2,0,Yes
46,9,31,2645,1273,72,12,6,5,3,1,4,No
47,14,32,2683,869,86,14,3,3,2,0,2,Yes
49,14,33,2014,890,97,13,2,2,2,2,2,No
51,9,34,3419,852,82,14,6,1,1,0,0,No
52,20,35,5376,1141,42,19,10,5,3,1,3,No
53,3,36,1951,464,75,12,1,1,0,0,0,No
54,3,37,2341,1240,33,13,1,1,0,0,0,No
55,3,38,2293,1357,48,12,1,1,0,0,1,Yes
56,21,39,8726,994,37,15,9,9,8,1,7,No
57,22,40,4011,721,58,23,12,12,8,3,7,No
58,23,41,19545,1360,49,12,23,22,15,15,8,Yes
60,24,42,4568,1065,72,20,10,9,5,8,7,No
61,9,43,3022,408,73,21,8,1,0,0,0,No
62,20,44,5772,1211,98,21,14,9,6,0,8,No
63,3,45,2269,1229,36,19,1,1,0,0,1,No
64,25,46,5381,626,98,13,23,1,0,0,0,Yes
65,3,47,3441,1434,50,13,2,2,2,2,2,Yes
68,1,48,5454,1488,75,21,9,4,3,1,3,No
70,26,49,9884,1097,79,13,10,4,0,2,3,No
72,1,50,4157,1443,47,19,5,2,2,0,0,No
73,27,51,13458,515,98,12,15,15,14,8,12,No
74,21,52,9069,853,71,22,9,9,8,1,8,No
75,3,49,4014,1142,30,15,4,2,2,2,2,No
76,8,53,5915,655,48,22,10,7,7,1,7,No
77,28,54,5993,1115,51,18,7,7,5,0,7,No
78,28,55,6162,427,33,22,9,9,8,7,8,No
79,22,45,2406,653,50,11,10,10,3,9,9,No
80,23,56,18740,989,43,12,29,27,3,13,8,No
81,29,57,7637,1435,99,11,28,21,16,7,9,No
83,17,58,10096,1223,59,13,17,17,14,12,8,No
84,30,4,14756,836,33,14,21,5,0,0,2,No
85,31,59,6499,1195,95,13,6,6,5,0,3,No
86,32,15,9724,1339,59,17,25,1,0,0,0,No
88,4,26,2194,664,79,13,5,3,2,1,2,No
90,9,60,3388,318,79,17,2,1,0,0,0,Yes
91,20,12,5473,1225,57,11,20,4,3,1,3,No
94,9,2,2703,1328,76,23,6,5,4,0,4,No
95,9,61,2501,1082,87,17,1,1,1,1,0,No
96,33,62,6220,548,66,17,10,10,4,0,9,No
97,3,63,3038,132,55,12,5,1,0,0,0,No
98,28,40,4424,746,61,23,11,11,7,1,8,No
100,1,64,4312,776,32,14,16,15,13,2,8,No
101,15,65,13245,193,52,14,17,0,0,0,0,No
102,15,66,13664,397,30,13,16,5,2,0,2,No
103,34,67,5021,945,80,22,16,4,2,0,2,No
104,8,68,5126,852,55,12,10,10,8,3,0,No
105,9,69,2859,1214,30,18,6,6,4,0,4,No
106,29,25,10239,111,70,14,24,1,0,1,0,No
107,35,70,5329,573,79,12,17,13,11,1,9,No
110,28,10,4325,1153,94,15,5,5,2,1,3,No
112,10,71,7260,1400,49,11,37,6,4,0,2,No
113,14,72,2322,541,62,13,3,0,0,0,0,No
116,3,73,2075,432,96,23,10,4,2,0,3,No
117,7,74,4152,288,99,19,11,11,10,10,8,No
118,29,21,9619,669,64,16,9,9,8,4,7,Yes
119,36,75,13503,530,78,22,22,22,3,11,11,No
120,1,76,5441,632,71,22,11,10,7,1,0,No
121,1,77,5209,1334,63,12,11,11,8,2,7,No
124,37,78,10673,638,40,13,21,10,9,9,5,No
125,1,69,5010,1093,87,16,12,11,8,5,7,No
126,15,79,13549,1217,60,12,16,4,3,0,3,No
128,1,80,4999,1353,33,21,4,3,2,0,2,No
129,24,81,4221,120,43,15,5,5,4,0,4,No
131,38,82,13872,682,37,13,38,37,10,1,8,No
132,39,83,2042,489,67,12,17,3,2,1,2,No
133,40,84,2073,807,63,22,7,3,2,0,2,Yes
134,9,37,2956,827,71,13,1,1,0,0,0,No
137,5,85,2926,871,66,18,1,1,0,1,0,Yes
138,33,86,4809,665,41,14,16,16,13,2,10,No
139,41,87,5163,1040,100,14,17,1,0,0,0,No
140,42,40,18844,1420,32,21,30,3,2,2,2,No
141,43,88,18172,1115,73,19,28,8,3,0,7,No
142,1,89,5744,240,46,11,6,6,4,0,3,Yes
143,9,90,2889,1280,64,11,2,2,2,2,1,No
144,3,13,2871,534,59,15,1,0,0,0,0,No
145,37,91,7484,1456,30,20,23,13,12,12,8,No
147,22,92,6074,658,66,24,9,9,7,0,6,Yes
148,44,19,17328,142,30,12,23,5,3,4,4,No
150,3,93,2774,1127,52,12,6,5,3,1,2,No
151,33,94,4505,1031,45,15,12,1,0,0,0,No
152,29,74,7428,1189,87,12,12,5,3,1,3,No
153,45,95,11631,1354,45,12,14,11,10,5,8,No
154,21,13,9738,1467,92,14,10,9,7,2,8,No
155,3,96,2835,922,39,22,7,1,0,0,0,No
158,46,97,16959,394,92,12,25,25,12,4,12,No
159,4,98,2613,1312,96,25,10,10,7,0,9,No
160,24,99,6146,750,95,13,8,7,7,0,7,No
161,9,100,4963,441,72,18,7,5,4,4,3,Yes
162,23,86,19537,684,51,13,23,20,18,15,15,No
163,1,101,6172,249,76,18,12,7,7,7,7,Yes
164,9,102,2368,841,46,19,5,5,4,4,3,No
165,17,103,10312,147,94,12,40,40,10,15,6,Yes
167,14,104,1675,528,50,19,0,0,0,0,0,Yes
169,3,36,2523,594,100,14,3,2,1,2,1,No
170,28,105,6567,470,96,14,16,15,11,5,11,No
171,4,41,4739,957,72,12,18,3,2,1,2,No
174,21,21,9208,809,77,11,16,2,2,2,1,No
175,1,106,4559,542,71,11,4,2,2,2,2,Yes
176,29,107,8189,802,96,13,12,9,7,0,7,No
177,40,108,2942,1355,61,23,8,8,7,5,7,No
178,28,109,4941,216,84,20,7,3,2,0,1,No
179,6,25,10650,1150,53,15,18,4,2,0,3,Yes
182,1,110,5902,1329,47,14,17,15,11,5,9,No
183,1,111,8639,959,41,18,6,2,2,2,2,No
184,34,112,6347,1240,48,19,12,11,9,4,7,No
190,3,113,4200,1033,41,22,10,5,4,0,4,Yes
192,9,114,3452,1316,83,13,9,6,5,0,3,No
193,33,115,4317,364,32,20,19,3,2,2,2,No
194,9,38,2632,438,75,14,5,5,4,0,4,No
195,20,116,4668,689,35,17,9,8,7,0,7,No
197,9,37,3204,201,84,14,8,3,2,2,2,No
198,3,117,2720,1427,35,13,6,5,3,1,2,No
199,47,118,17181,857,91,13,21,7,6,7,7,No
200,3,119,2238,933,94,21,7,5,0,1,4,No
201,3,120,1483,1181,79,14,1,1,0,0,0,No
202,2,121,5605,1395,54,11,20,20,7,2,13,No
204,29,122,7295,662,94,13,10,10,8,0,6,No
205,19,123,2306,1436,34,20,13,7,7,4,5,No
206,8,124,2348,194,60,18,20,17,9,0,15,No
207,21,117,8998,967,43,14,9,9,8,3,7,No
208,13,28,4319,1496,41,13,10,10,7,0,9,No
211,28,93,6132,1169,34,17,10,1,0,0,0,No
214,9,125,3346,1145,75,20,9,1,0,0,0,No
215,29,126,10855,630,67,11,15,12,11,2,11,No
216,48,127,2231,303,75,18,6,4,3,1,2,No
217,9,128,2323,1256,80,24,2,2,2,2,2,No
218,49,129,2024,691,57,18,6,2,2,2,2,No
221,9,130,2713,440,42,11,5,5,2,0,2,No
223,17,131,9439,334,83,16,12,5,3,1,4,No
224,49,132,2566,1450,79,15,1,1,1,0,1,No
226,16,61,19926,1452,53,15,21,5,4,4,4,No
227,9,133,2451,465,56,12,13,9,8,1,8,No
228,29,13,9419,1339,41,12,12,10,9,7,4,No
230,1,134,8686,702,59,22,12,8,3,0,7,No
231,9,135,3038,120,43,20,8,5,4,1,4,No
233,9,136,3058,1157,51,16,6,5,2,1,1,No
235,48,137,2325,602,100,21,1,0,0,0,0,Yes
238,5,138,2088,1480,30,12,13,8,7,7,2,No
239,39,72,3072,111,66,11,12,12,9,6,10,No
240,1,139,5006,1268,30,11,9,5,4,0,3,No
241,9,49,4257,713,67,18,19,2,2,2,2,No
242,9,140,2500,134,90,14,4,3,1,0,2,No
243,3,141,1102,303,47,22,1,1,0,1,0,Yes
244,29,142,10453,526,92,25,24,24,13,15,7,No
245,3,36,2288,1380,75,12,2,2,2,2,1,No
246,9,143,3929,140,95,23,7,4,2,0,2,No
247,9,144,2311,629,95,15,9,3,2,1,2,No
248,14,145,3140,1356,70,22,4,4,3,0,2,Yes
249,3,22,3690,328,86,15,5,3,2,0,2,No
250,28,146,4450,1084,57,11,5,4,2,1,3,No
252,9,144,2756,931,72,13,8,8,7,1,6,No
253,16,147,19033,989,46,14,21,20,8,9,9,No
254,23,24,18722,692,61,11,36,24,15,2,15,No
256,31,82,9547,1069,45,17,10,10,9,1,9,No
258,50,148,13734,313,98,18,21,7,7,1,0,No
259,16,149,19999,699,65,14,34,33,18,11,9,No
260,9,150,2279,894,99,16,7,7,7,0,3,No
261,28,151,5916,556,50,13,8,1,0,0,1,Yes
262,49,116,2089,1344,37,14,7,5,4,2,2,No
264,51,152,16792,1195,65,23,22,20,8,11,8,No
267,9,153,3564,290,65,12,8,8,7,1,7,No
269,22,120,4425,138,37,11,10,6,2,1,2,No
270,13,58,5265,926,36,16,11,5,3,0,2,No
271,28,147,6553,1261,88,14,14,1,0,0,0,No
273,28,154,6261,1084,54,18,9,7,7,1,7,No
274,31,72,4298,472,60,19,6,2,2,2,0,No
275,13,155,6804,1002,92,15,7,7,7,1,7,No
277,4,156,3815,878,43,17,5,5,3,2,0,No
281,8,157,2741,905,99,15,15,7,2,3,7,No
282,7,158,6673,1180,70,19,17,1,0,0,0,Yes
283,29,159,7639,121,35,22,10,10,4,1,9,Yes
284,9,160,2328,1136,60,16,4,4,2,2,2,No
286,5,161,2153,635,73,13,8,8,1,1,7,No
287,41,162,4876,1151,63,14,5,3,2,0,2,No
288,17,146,9396,644,97,16,17,4,2,0,3,No
291,29,6,10400,1045,32,11,14,14,8,9,8,Yes
292,52,163,8474,829,88,22,12,11,8,5,8,No
293,20,39,9981,1242,90,14,7,7,7,0,7,No
296,15,164,12490,1469,81,16,16,10,9,4,7,No
297,9,165,2657,1005,88,11,8,5,2,0,4,Yes
298,53,19,13591,896,75,18,16,1,0,0,0,No
299,20,105,6696,334,52,15,9,6,3,0,1,Yes
300,9,22,2058,992,85,14,7,6,2,1,5,Yes
302,54,45,8865,1052,57,12,23,19,7,12,8,No
303,1,37,5940,1147,52,14,16,6,2,0,5,No
304,8,166,5914,1396,62,16,16,13,11,3,7,No
305,9,2,2622,147,47,21,7,3,2,1,1,No
306,27,167,12185,663,47,14,10,10,8,0,7,No
307,29,38,10609,119,76,12,17,16,10,5,13,No
308,13,127,4345,979,90,12,6,5,4,1,4,No
309,9,74,2177,142,70,17,7,1,0,0,0,No
311,48,18,2793,319,41,17,13,9,8,5,8,No
312,21,117,7918,1413,42,14,11,11,10,4,1,No
314,21,168,8789,944,92,14,10,10,7,0,8,No
315,9,50,2389,896,86,13,4,4,3,0,1,Yes
316,3,114,3212,1323,89,15,6,2,2,2,2,No
319,16,21,19232,532,58,11,22,22,17,11,15,No
321,40,169,2267,818,52,17,7,2,2,2,2,No
323,18,6,19517,854,68,11,32,7,0,0,6,No
325,3,170,2436,813,58,13,8,5,4,0,4,Yes
327,12,171,16064,1034,80,22,22,17,13,1,9,No
328,3,113,2707,465,39,20,13,9,7,1,7,Yes
329,55,172,19068,771,79,18,33,33,7,15,12,No
330,14,122,3931,1401,56,11,6,4,3,1,2,No
331,3,173,3730,515,62,14,4,3,2,1,2,Yes
332,3,174,2232,1431,96,14,7,3,2,1,2,No
333,24,74,4465,976,100,18,4,3,2,2,2,No
334,33,175,3072,1411,36,16,17,1,0,0,0,No
335,33,176,3319,1300,62,17,9,9,8,4,7,No
336,16,36,19202,252,70,11,25,24,0,1,7,No
337,27,69,13675,1327,73,12,9,2,2,2,2,No
338,9,177,2911,832,63,13,2,2,2,0,2,No
339,28,178,5957,470,84,13,13,11,9,5,9,No
340,9,175,3920,1017,83,14,17,3,1,0,2,No
341,31,111,6434,1199,77,17,9,3,2,0,2,No
342,6,179,10048,504,61,11,17,1,0,0,0,Yes
343,37,108,10938,505,64,25,20,19,6,11,8,No
346,9,74,2340,665,60,19,6,6,5,1,5,No
347,33,165,6545,916,82,13,10,3,2,0,2,No
349,1,45,6931,1247,45,14,10,3,2,0,2,No
350,28,111,4898,685,62,12,5,4,2,1,2,No
351,3,165,2593,269,56,11,10,9,6,7,8,No
352,23,111,19436,1416,49,19,22,21,7,3,9,No
353,9,114,2723,833,96,11,1,1,0,0,0,No
355,5,180,3479,307,71,11,6,5,4,1,4,Yes
359,5,181,2794,1311,100,20,5,5,1,0,3,No
361,24,45,5249,1327,39,18,13,8,7,7,5,No
362,8,37,2176,128,84,13,9,6,2,0,4,No
363,12,77,16872,488,75,12,28,7,7,7,7,No
364,3,182,3485,529,79,11,5,0,0,0,0,Yes
366,1,183,6644,1210,78,19,10,0,0,0,0,No
367,7,184,5582,1463,64,21,10,9,0,7,8,No
369,41,185,4000,675,85,12,6,6,3,1,5,No
372,50,186,13496,1385,79,14,21,20,7,4,10,No
373,3,90,3210,1403,47,11,16,15,13,10,11,No
374,16,165,19045,452,81,14,37,36,10,4,13,No
376,56,16,11849,666,88,12,10,10,7,9,9,Yes
377,9,53,2070,1158,94,23,5,5,2,0,4,No
378,1,187,6502,228,98,14,7,5,4,0,1,No
379,9,188,3230,996,100,17,3,3,2,1,0,No
380,57,189,13603,728,80,18,15,5,2,0,2,No
381,45,190,11996,1315,71,18,10,7,7,6,2,No
382,1,191,5605,322,44,24,8,8,0,7,7,No
384,31,192,6397,1479,84,20,6,6,5,1,4,No
385,23,193,19144,797,96,14,28,10,4,1,6,No
386,58,132,17584,1070,45,16,21,5,3,1,3,No
387,1,42,4907,635,99,25,20,20,16,11,6,No
388,20,194,4554,442,44,18,10,10,7,0,9,No
389,8,70,5415,147,37,19,12,10,7,0,8,No
390,59,195,4741,496,60,13,5,5,3,3,3,No
391,9,196,2115,1372,42,12,17,17,12,5,7,No
392,5,197,3161,920,43,22,19,1,0,0,0,Yes
393,7,196,5745,688,82,14,10,2,2,1,2,No
394,3,198,2373,1449,45,13,5,3,2,0,2,Yes
395,9,199,3310,1117,66,21,5,5,3,0,2,No
396,43,200,18665,636,35,11,22,3,2,1,2,No
397,33,24,4485,506,30,12,10,8,0,7,7,No
399,48,138,2789,444,84,11,2,2,2,2,2,No
401,1,85,5828,950,48,12,8,8,7,7,4,Yes
403,4,201,2326,889,53,12,4,4,2,1,2,No
404,60,202,13525,555,77,14,23,20,4,4,8,No
405,3,174,1420,230,54,13,0,0,0,0,0,Yes
406,29,102,8020,1232,96,15,12,11,9,6,9,No
407,5,21,3688,566,81,18,4,1,0,0,0,No
408,28,144,5482,1302,84,18,13,4,1,1,2,No
410,12,203,16015,334,88,19,22,22,10,0,4,No
411,14,28,1200,812,69,12,0,0,0,0,0,No
412,7,15,5661,1476,68,19,9,8,3,0,7,No
416,1,204,6929,218,100,11,10,8,7,7,7,No
417,17,126,9613,1132,48,17,19,18,10,3,7,No
419,39,59,5674,1105,47,15,11,9,8,0,8,No
420,1,82,5484,906,91,14,13,13,8,4,8,No
421,15,10,12061,849,81,17,19,10,8,0,1,No
422,41,11,5660,390,32,13,12,5,3,1,2,No
423,9,205,4821,691,86,12,6,5,2,0,3,No
424,34,206,6410,106,62,12,9,2,2,1,0,No
425,61,207,5210,1249,97,18,24,24,9,9,11,No
426,9,131,2695,192,32,18,3,2,2,2,2,No
428,62,203,11878,553,74,11,12,10,6,8,8,No
429,30,200,17068,117,99,14,21,21,9,11,10,No
430,5,74,2455,185,33,19,9,8,7,1,7,No
431,50,89,13964,1091,90,12,25,7,1,0,7,No
433,33,208,4941,723,85,15,11,8,2,7,7,Yes
434,9,77,2478,1220,85,12,4,4,3,1,2,No
436,1,209,5228,588,65,11,13,13,12,11,9,No
437,1,210,4478,1377,74,11,5,5,4,0,4,No
438,1,45,7547,691,73,12,13,7,7,1,7,No
439,33,211,5055,1018,74,16,10,7,7,0,7,No
440,9,212,3464,1157,84,13,5,3,2,2,2,Yes
441,33,45,5775,1275,64,13,11,10,8,1,9,No
442,6,135,8943,798,48,24,10,10,9,8,9,No
444,63,74,19272,672,54,15,21,21,9,13,3,No
445,1,60,5238,1162,41,18,12,1,0,0,0,Yes
446,20,213,4682,508,46,14,9,7,7,0,1,No
447,23,147,18300,1482,42,11,21,3,2,1,1,No
448,22,214,5257,559,82,11,9,9,7,0,0,No
449,24,209,6349,210,73,13,6,5,4,1,4,No
450,2,31,4869,928,31,12,20,4,3,0,3,No
451,17,175,9985,1001,43,16,10,1,0,0,0,No
452,33,33,3697,549,75,14,12,10,9,9,8,No
453,1,215,7457,1124,57,22,6,4,3,0,2,No
454,3,216,2119,318,77,11,7,7,7,0,7,Yes
455,3,13,3983,738,30,17,4,3,2,2,2,No
456,1,217,6118,570,30,13,10,10,9,1,2,No
458,1,121,6214,1130,56,18,8,8,7,0,7,No
460,28,6,6347,1192,61,16,8,6,2,0,4,No
461,15,186,11510,343,92,14,12,11,10,2,9,No
462,10,50,7143,1232,39,14,11,11,9,4,10,No
463,1,218,8268,144,39,14,7,7,7,1,7,No
464,10,24,8095,1296,62,13,17,16,6,0,13,No
465,9,177,2904,1309,83,12,4,4,2,0,2,No
466,28,219,6032,483,95,15,8,5,4,1,2,No
467,64,69,2976,1309,99,19,5,0,0,0,0,No
468,58,220,15992,810,44,14,16,1,0,0,0,No
469,24,221,4649,746,61,14,4,4,3,0,2,No
470,40,107,2696,544,52,11,4,3,2,1,0,No
471,3,94,2370,1062,75,13,8,8,0,0,7,No
473,53,222,12504,530,91,21,15,0,0,0,0,No
474,33,223,5974,1319,51,13,13,7,7,6,7,No
475,24,224,4736,641,85,12,4,2,2,2,2,No
476,1,58,5296,933,57,17,8,8,7,7,7,No
477,7,225,6781,1332,98,23,14,1,0,0,0,No
478,48,226,2174,756,99,11,3,3,2,1,2,Yes
479,24,196,6653,845,45,15,7,1,0,0,0,No
481,21,176,9699,541,48,11,16,13,9,1,12,No
482,7,217,6755,593,88,11,15,3,2,1,2,No
483,3,4,2213,1171,46,13,10,7,7,1,7,No
484,65,227,2610,895,39,24,3,3,2,2,2,No
485,14,3,2851,350,34,13,1,1,0,0,0,Yes
486,3,20,3452,921,98,20,17,5,4,0,3,No
487,13,228,5258,1144,30,14,7,1,0,0,0,No
488,20,10,9355,143,56,18,8,8,7,7,7,Yes
491,17,45,10496,1046,100,15,20,4,3,1,3,No
492,1,229,6380,575,68,12,8,6,4,1,0,Yes
493,9,209,2657,408,42,16,3,2,2,2,2,No
494,14,24,2716,156,90,15,1,1,0,0,0,Yes
495,9,45,2201,1283,54,16,6,3,2,1,2,No
496,7,94,6540,755,97,19,10,1,1,0,0,No
497,3,203,3816,1469,82,11,5,5,2,0,4,No
498,1,117,5253,304,92,16,7,7,5,0,7,No
499,17,42,10965,1261,31,24,26,5,2,0,0,No
500,1,177,4936,1178,87,11,18,7,7,0,7,No
501,9,147,2543,329,96,13,6,2,2,2,2,No
502,24,230,5304,1362,67,13,9,5,2,0,4,Yes
505,30,205,16659,1311,97,13,30,5,4,1,2,No
507,1,156,4260,1371,77,12,5,5,2,0,3,No
508,14,122,2476,202,72,18,1,1,0,0,0,No
510,4,231,3102,575,73,22,7,6,4,0,4,Yes
511,9,5,2244,253,43,13,2,2,1,1,2,No
513,29,232,7596,164,61,13,10,10,9,9,0,No
514,4,143,2285,464,40,23,3,1,0,0,0,Yes
515,3,233,3034,1107,95,12,18,18,7,12,17,No
516,1,148,5715,759,46,12,8,5,4,1,3,No
517,3,234,2576,201,95,16,8,5,2,1,2,No
518,28,136,4197,1305,49,12,18,1,0,0,1,No
520,58,10,14336,982,59,11,25,25,10,3,9,No
521,8,235,3448,555,78,22,20,1,0,0,0,No
522,23,236,19406,821,86,11,24,4,2,1,2,No
523,24,149,6538,1381,72,15,6,3,2,1,2,No
524,28,237,4306,480,31,12,13,13,10,3,12,No
525,5,238,2258,313,61,20,8,3,2,1,2,No
526,7,89,4522,1473,74,14,8,5,2,0,2,No
527,1,239,4487,891,99,11,5,5,4,1,3,No
529,35,151,4449,1063,72,15,15,13,11,10,7,No
530,3,146,2218,329,98,12,4,4,2,3,2,No
531,63,106,19197,1218,52,14,21,21,8,1,6,No
532,60,240,13212,906,86,11,36,7,7,7,7,No
533,1,232,6577,1082,83,11,6,5,4,4,4,No
534,29,15,8392,645,49,16,10,10,7,0,7,No
536,8,95,4558,1300,79,12,10,10,0,1,8,No
538,3,241,4031,688,91,13,6,2,2,0,2,Yes
543,10,4,7969,319,39,14,28,5,4,0,4,No
544,9,242,2654,192,69,21,8,2,2,0,2,No
546,30,162,16555,1490,30,13,31,5,2,1,4,No
547,2,179,4556,532,92,11,19,5,4,0,2,No
548,28,243,6091,317,43,20,11,5,4,0,2,No
549,16,244,19566,422,41,11,33,29,8,11,10,No
550,28,245,4810,1485,87,14,19,10,7,0,8,No
551,59,116,4523,1368,88,11,7,6,5,0,4,No
554,14,246,3202,1448,62,16,6,5,3,1,4,Yes
555,48,31,2351,296,33,16,3,2,2,1,0,Yes
556,5,171,1702,1490,42,23,1,1,0,0,0,No
558,18,127,18041,1398,79,14,21,20,15,1,12,No
560,9,247,2886,1349,90,22,3,3,2,0,2,No
562,11,130,2097,1400,53,15,9,5,3,1,4,No
564,15,93,11935,986,93,18,10,10,2,0,7,No
565,9,180,2546,408,71,16,6,2,2,1,1,Yes
566,40,248,2564,489,52,12,1,1,0,0,0,Yes
567,54,72,8412,1398,69,11,10,9,8,7,8,No
568,12,211,14118,210,56,12,32,1,0,0,0,No
569,30,232,17046,1099,88,15,28,27,10,15,7,No
571,11,177,2564,1116,49,14,12,11,7,6,7,No
573,21,249,10266,1499,80,19,22,18,13,13,11,No
574,28,18,5070,983,65,13,20,5,0,0,4,No
575,58,182,17861,1009,51,13,26,3,2,0,1,No
577,3,217,4230,144,46,15,6,5,4,4,3,No
578,8,174,3780,548,42,11,19,1,0,0,0,No
579,9,217,2768,1303,62,12,14,7,3,5,7,No
580,29,205,9071,1125,94,19,15,3,2,1,2,No
581,10,250,10648,1274,33,25,13,13,8,0,8,No
582,45,251,13610,1277,56,12,15,7,6,7,7,Yes
584,3,176,3408,587,38,13,8,4,3,1,3,Yes
585,14,252,2983,413,57,14,4,3,2,1,2,No
586,17,4,7632,1276,72,12,10,8,7,0,0,No
587,37,133,9824,534,66,12,12,1,0,0,0,Yes
590,66,253,9950,988,43,15,11,3,2,0,2,Yes
591,5,41,2093,1474,97,17,8,2,2,2,0,No
592,54,254,9980,635,32,14,10,10,3,9,7,No
593,5,174,3894,1368,99,16,4,2,2,1,2,Yes
595,1,161,4051,163,37,14,14,9,7,6,7,No
597,12,255,16835,1117,83,23,37,10,9,7,7,No
599,24,45,6230,267,56,14,16,14,3,1,10,No
600,1,93,4717,619,85,11,15,11,9,6,9,No
601,67,93,13237,302,75,15,22,20,6,5,13,No
602,5,149,3755,443,48,11,8,8,3,0,7,No
604,1,256,6582,828,77,13,10,6,5,0,5,No
605,10,257,7406,319,56,21,10,10,9,5,8,No
606,1,258,4805,561,61,19,9,8,7,3,7,No
608,68,101,2741,426,58,11,8,7,7,1,0,Yes
611,28,259,4262,232,34,12,8,3,2,1,2,No
612,58,86,16184,922,95,19,10,6,1,0,5,No
613,53,260,11557,688,44,21,10,5,4,0,1,No
614,48,261,1878,1306,69,14,0,0,0,0,0,Yes
615,54,72,10932,1094,58,15,20,1,0,0,1,No
616,41,262,6811,509,62,17,10,8,7,0,7,No
618,1,133,4306,775,45,12,8,0,0,0,0,No
620,1,111,4859,195,80,16,5,5,4,0,3,No
621,1,45,5337,258,74,12,10,10,7,5,7,No
622,3,131,2340,471,66,18,1,1,0,0,0,Yes
623,10,263,7491,799,59,17,12,6,5,1,2,No
624,37,12,10527,1034,86,11,28,2,2,1,2,No
625,12,234,16595,1276,91,16,22,18,16,11,8,No
626,54,5,8834,142,69,13,9,9,5,7,7,No
630,33,264,5577,956,78,12,18,10,9,6,9,No
631,24,39,4707,1474,60,12,6,4,2,1,2,Yes
632,48,90,2400,535,38,13,3,2,2,2,1,No
634,7,174,9824,1495,76,19,18,1,0,0,0,No
635,28,190,6447,446,65,12,8,6,5,4,3,No
638,23,4,19502,1245,58,17,31,31,9,0,9,No
639,9,239,2725,691,89,11,6,6,5,1,4,No
641,1,265,6272,703,66,20,6,5,3,1,4,No
643,3,266,2127,823,94,21,1,1,0,0,0,No
644,69,10,18200,1246,99,11,32,32,5,10,7,No
645,14,93,2096,622,40,11,7,7,4,0,6,No
647,5,46,2886,1287,55,16,6,6,3,1,2,Yes
648,48,267,2033,448,74,18,1,1,0,0,0,Yes
649,9,70,3622,254,83,13,6,6,5,1,3,No
650,1,268,4233,1365,46,17,9,3,1,1,2,Yes
652,8,25,3681,538,54,14,9,3,2,0,2,No
653,1,269,5460,525,66,22,13,7,7,5,7,No
655,9,38,2187,798,66,12,6,5,3,0,3,No
656,1,270,9602,558,75,11,17,3,0,1,0,No
657,9,166,2836,959,83,13,1,1,0,0,0,No
659,7,271,4089,622,81,13,10,10,2,2,2,No
661,58,201,16627,782,50,14,21,1,0,0,0,No
662,9,240,2619,362,43,17,8,0,0,0,0,No
663,22,3,5679,1001,72,13,10,8,7,4,7,No
664,30,272,15402,1236,40,11,21,3,2,0,2,No
665,34,273,5985,1112,50,11,10,2,2,0,2,No
666,14,89,2579,204,31,18,8,8,2,0,6,No
667,14,64,3041,1420,85,11,5,4,3,0,2,Yes
669,14,174,3447,1343,49,11,3,3,2,1,2,No
671,16,274,19513,1315,35,12,26,2,2,0,1,No
675,9,275,2773,604,69,20,3,2,2,2,2,No
677,1,127,7104,1216,39,12,6,5,0,1,2,No
679,33,212,6322,646,92,12,6,6,4,0,5,No
680,4,163,2083,160,71,20,1,1,0,0,0,No
682,1,276,8381,238,34,20,18,14,7,8,10,No
683,9,254,2691,1397,42,12,10,10,9,8,8,No
684,20,206,4286,306,100,14,5,1,1,0,0,Yes
686,3,205,2659,991,71,13,3,3,2,0,2,No
689,10,174,9434,482,36,15,10,10,7,7,8,No
690,1,277,5561,1176,62,14,6,6,0,1,2,No
691,33,63,6646,1017,82,13,17,17,11,11,8,No
692,59,278,7725,1296,30,23,15,13,11,4,7,No
698,70,279,10725,397,88,15,16,9,7,7,1,No
699,28,280,8847,913,48,11,13,3,2,0,2,No
700,9,25,2045,1115,54,13,5,4,2,1,1,No
701,9,11,1009,1362,32,11,1,1,0,1,1,Yes
702,4,281,3348,1076,70,11,10,10,8,9,7,Yes
704,11,174,1281,727,41,18,1,1,0,0,0,No
705,9,282,2819,885,58,16,5,3,2,0,2,No
707,1,283,4851,810,57,22,4,3,2,1,2,No
709,1,238,4028,243,46,20,8,7,7,0,5,No
710,4,117,2720,806,76,18,10,10,7,2,8,No
712,1,120,8120,817,56,12,12,2,2,2,2,No
714,20,284,4647,1410,71,20,6,6,5,0,4,No
715,9,33,4680,1225,80,17,4,1,0,0,0,No
716,3,4,3221,1207,74,11,20,20,8,3,8,No
717,17,258,8621,1442,46,14,9,8,7,7,7,No
720,1,133,4577,693,65,14,4,2,2,2,0,Yes
721,7,28,4553,408,80,11,20,20,7,11,10,No
722,1,103,5396,929,55,12,10,10,7,0,8,No
723,20,151,6796,562,50,14,18,4,3,1,3,Yes
724,7,213,7625,827,33,13,10,9,7,1,8,No
725,10,95,7412,608,68,11,9,9,7,0,7,No
727,15,21,11159,1018,39,15,10,7,7,7,7,No
728,1,37,4960,703,42,12,20,7,7,1,7,No
729,21,285,10475,580,48,21,20,18,13,1,12,No
730,58,174,14814,970,59,19,32,5,1,1,3,No
731,71,204,19141,427,73,15,23,21,6,12,6,No
732,1,206,5405,1179,84,14,10,2,2,2,2,No
733,6,286,8793,294,32,21,9,9,7,1,7,No
734,71,147,19189,314,59,12,22,22,7,2,10,No
738,14,144,3875,316,54,15,4,2,2,2,2,No
741,9,198,2216,654,67,13,10,7,7,3,7,Yes
742,57,207,11713,427,63,14,10,8,7,0,5,No
743,10,287,7861,168,81,14,10,1,0,0,0,No
744,11,86,3708,381,49,14,9,5,2,1,4,No
746,60,104,13770,217,49,12,28,22,2,11,13,No
747,1,288,5304,501,99,23,10,8,7,7,7,No
749,14,174,2642,1396,99,11,1,1,0,0,0,No
752,4,89,2759,933,57,12,7,2,2,2,2,Yes
754,20,90,6804,775,47,18,7,2,2,2,2,No
757,7,41,6142,970,96,11,10,5,1,4,3,No
758,3,289,2500,650,37,14,5,4,3,0,2,No
760,34,290,6389,141,44,15,12,8,3,3,6,No
762,50,177,11103,832,81,11,30,10,7,1,1,No
763,9,291,2342,804,86,20,5,4,2,2,3,No
764,7,272,6811,975,55,19,9,7,6,0,7,No
766,14,144,2297,1090,83,14,2,2,2,2,2,No
769,8,45,2450,346,86,17,19,2,2,2,2,No
771,41,292,5093,1225,61,11,16,1,0,0,0,No
772,22,25,5309,430,80,15,10,10,8,4,7,No
773,9,293,3057,268,92,13,6,1,0,0,1,No
775,28,15,5121,167,32,14,7,0,0,0,0,No
776,12,294,16856,621,31,11,34,34,6,1,16,No
780,9,68,2686,527,63,13,10,10,9,7,8,Yes
781,1,295,6180,883,32,23,6,6,5,1,4,No
783,19,69,6632,954,46,13,9,8,7,3,1,No
784,9,111,3505,310,79,18,2,2,2,0,2,No
785,20,296,6397,719,77,12,8,5,4,1,3,Yes
786,1,297,6274,304,60,22,6,6,5,1,4,No
787,16,298,19859,725,78,13,24,5,2,1,4,Yes
789,54,299,7587,1434,76,15,10,10,7,0,9,No
791,49,33,4258,715,41,18,5,4,3,1,2,No
792,5,176,4364,575,71,14,5,2,2,2,0,No
793,7,277,4335,657,66,12,11,8,7,1,1,No
796,1,233,5326,1146,38,17,6,4,3,1,2,Yes
797,9,13,3280,182,72,16,10,4,2,1,3,No
799,28,264,5485,376,95,11,9,5,3,1,4,No
800,20,271,4342,829,84,19,5,4,2,1,1,No
802,9,300,2782,571,82,13,6,5,3,4,3,No
803,31,301,5980,240,75,12,17,15,7,4,12,No
804,9,72,4381,121,86,11,6,6,5,1,3,No
805,14,302,2572,384,72,16,3,3,2,0,2,No
806,3,303,3833,921,38,21,7,2,2,0,2,No
807,59,2,4244,791,38,24,8,8,7,3,7,No
808,1,64,6500,1111,93,17,6,3,2,1,2,No
809,63,204,18430,570,66,13,24,24,7,14,9,No
811,3,304,1601,1243,63,21,1,0,0,0,0,Yes
812,11,94,2694,1092,60,11,1,1,0,0,0,No
813,8,8,3149,1325,82,20,9,5,2,1,4,No
815,58,127,17639,691,64,16,30,4,3,0,3,No
816,3,305,2319,805,36,11,1,1,0,0,0,Yes
817,15,306,11691,213,49,11,14,13,9,3,7,No
819,1,241,5324,118,69,15,6,3,2,0,2,Yes
820,30,50,16752,202,33,11,26,26,14,3,0,No
823,28,122,5228,676,35,15,10,9,7,0,5,No
824,9,163,2700,1252,81,24,10,10,7,0,7,No
825,23,219,19246,286,31,12,40,31,15,13,8,Yes
826,9,217,2506,1258,40,13,7,2,2,2,2,No
827,28,307,6062,932,43,13,8,4,3,0,2,No
828,9,22,4382,890,46,17,5,2,2,2,1,Yes
829,40,61,2143,1041,36,13,8,5,2,0,4,No
830,28,174,6162,859,98,12,14,14,13,6,8,No
832,22,111,5094,720,51,14,10,1,0,0,0,No
833,28,308,6877,946,52,24,12,0,0,0,0,No
834,9,41,2274,252,95,14,1,1,0,0,0,No
836,28,309,4434,933,98,13,10,9,8,7,8,No
837,59,236,6288,471,45,15,13,4,3,1,2,No
838,4,36,2553,702,100,16,6,5,2,1,3,No
840,29,140,7654,1184,43,18,9,9,8,7,7,Yes
842,1,177,5160,436,37,16,12,9,7,7,3,Yes
843,58,142,17159,589,94,24,22,4,1,1,0,No
844,15,186,12808,269,42,16,9,9,8,0,8,No
845,10,310,10221,950,59,21,17,8,5,1,6,No
846,1,311,4779,760,81,20,8,8,7,7,5,No
847,40,130,3737,829,88,19,4,3,2,0,2,No
848,4,229,2366,887,88,14,8,8,7,1,7,Yes
850,49,6,1706,443,50,11,0,0,0,0,0,No
851,12,38,16307,1318,66,14,29,20,6,4,17,No
852,7,150,5933,625,50,12,10,5,2,2,3,No
854,9,236,3424,180,65,13,6,4,3,0,1,No
855,1,312,4037,586,48,22,9,9,8,0,8,No
856,9,240,2559,1343,53,11,6,6,5,1,1,No
857,1,313,6201,928,56,14,18,18,14,4,11,No
859,1,213,4403,117,73,11,8,5,2,0,3,No
861,4,204,3761,1012,75,12,10,5,4,0,3,No
862,29,314,10934,661,78,18,35,5,2,0,4,No
864,29,165,10761,930,74,12,18,5,4,0,2,No
865,33,245,5175,638,91,12,9,5,3,1,3,No
867,72,243,13826,890,81,22,31,9,8,0,0,No
868,1,39,6334,342,66,19,9,1,0,0,0,No
869,40,117,4936,1169,63,13,6,5,1,0,4,No
872,28,315,4775,1230,33,22,4,2,2,2,2,No
874,3,316,2818,986,62,24,10,3,2,0,2,No
875,4,70,2515,1271,35,14,8,2,1,2,2,No
878,40,317,2342,1278,77,21,6,5,4,0,3,No
879,1,200,4194,141,98,18,5,5,3,0,3,No
880,10,115,10685,607,66,20,17,17,14,5,15,No
881,4,160,2022,130,96,19,10,10,2,7,8,Yes
882,11,196,2314,300,61,12,4,3,0,0,2,No
885,1,294,4256,583,87,12,5,5,2,0,3,No
887,9,64,3580,1418,36,16,7,4,2,0,2,No
888,11,318,3162,1269,46,17,6,5,2,3,4,No
889,20,120,6524,379,48,14,10,10,8,5,3,No
893,14,120,2899,395,98,19,3,2,2,1,2,No
894,8,319,5231,1265,95,13,17,5,3,1,3,No
895,9,85,2356,1222,48,19,8,6,4,0,2,No
896,14,106,2800,341,48,19,5,3,2,0,2,Yes
897,38,18,11836,868,73,14,28,2,0,2,2,No
899,10,252,10903,672,78,16,16,13,10,4,8,No
900,48,271,2973,1231,54,15,10,5,4,0,0,No
901,58,90,14275,102,72,18,33,12,9,3,8,No
902,59,320,5562,422,33,13,12,5,2,2,2,No
903,1,321,4537,249,35,22,8,7,6,7,7,No
904,54,198,7642,1252,32,13,10,10,0,0,9,No
905,51,206,17924,881,98,11,31,31,6,14,7,No
909,34,90,5204,1383,42,11,13,5,4,0,4,No
910,40,322,2277,1075,57,11,7,4,3,0,3,No
911,3,323,2795,374,87,24,1,1,0,0,1,Yes
912,3,18,2532,1086,62,14,8,4,3,0,3,No
913,9,305,2559,661,61,13,8,8,7,7,1,No
916,1,220,4908,821,98,14,4,4,2,0,2,No
918,5,324,2380,781,57,14,3,1,0,0,0,Yes
920,28,325,4765,177,55,21,4,1,0,0,0,No
922,14,22,2044,500,49,13,2,2,2,0,2,Yes
923,9,71,2693,1427,65,19,1,1,0,0,0,Yes
924,7,326,6586,1425,68,17,17,16,8,4,11,No
925,14,327,3294,1454,65,18,3,3,2,1,2,No
926,28,328,4171,617,34,19,4,3,2,0,2,Yes
927,3,201,2778,1085,57,13,10,7,7,1,0,Yes
930,9,58,2377,995,77,18,6,2,2,2,2,No
932,3,329,2404,1122,70,21,8,2,2,2,2,Yes
933,9,93,2318,618,76,19,1,1,1,0,0,No
934,3,62,2008,546,83,14,1,1,0,1,0,No
936,1,149,6244,462,68,17,10,5,4,0,3,No
939,9,330,2799,1198,100,11,6,3,2,0,2,No
940,17,209,10552,1272,37,13,24,6,0,0,4,No
941,14,81,2329,154,41,15,13,7,7,5,2,No
942,7,331,4014,1137,51,25,10,10,6,0,7,No
944,25,332,7403,527,51,11,29,26,9,1,7,No
945,9,221,2259,1469,51,17,13,0,0,0,0,No
947,24,31,6932,1188,45,13,9,9,8,0,0,No
949,9,13,4678,188,65,18,8,6,2,0,1,No
950,15,178,13582,1333,80,13,15,15,12,5,11,No
951,11,333,2332,1184,70,20,5,3,0,0,2,No
952,14,334,2413,867,36,18,1,1,0,0,0,Yes
954,29,335,9705,658,67,12,11,1,0,0,0,No
956,20,64,4294,1283,52,12,7,7,7,0,7,No
957,3,165,4721,263,59,13,20,18,13,2,17,No
958,3,163,2519,938,79,21,16,11,8,3,9,No
959,14,336,2121,419,37,13,1,1,0,0,0,Yes
960,3,299,2973,129,84,19,1,1,0,0,0,Yes
961,7,337,5855,616,41,11,10,9,7,8,5,No
964,4,219,3617,1469,35,14,3,1,1,0,0,No
966,28,338,6725,498,93,12,8,8,7,6,3,No
967,29,339,10325,530,51,11,16,16,7,3,7,Yes
969,7,161,6949,1069,42,14,6,5,0,1,4,No
970,29,182,10609,625,46,11,17,14,1,11,7,Yes
972,39,340,4447,805,57,12,9,9,7,0,8,No
974,48,271,2157,1404,84,15,3,3,1,0,2,No
975,1,58,4601,1219,86,16,5,5,2,1,0,No
976,30,320,17099,1053,70,15,26,9,8,7,8,No
977,9,341,2479,289,51,24,7,1,0,0,0,Yes
981,12,228,14852,1376,45,13,22,17,13,15,2,No
982,29,168,7264,231,62,11,10,8,4,7,7,No
983,24,186,5666,152,85,13,6,5,3,1,3,No
984,29,196,7823,882,92,13,12,10,9,0,8,No
985,29,111,7880,903,41,18,9,8,7,0,7,No
986,73,342,13194,1479,100,16,22,1,0,0,0,Yes
987,31,343,5067,1379,64,19,20,19,10,2,7,No
990,24,25,5079,1229,84,13,12,7,7,0,7,No
991,49,344,2321,335,46,22,4,3,2,1,2,Yes
992,74,39,17444,722,38,11,10,10,8,6,0,No
994,9,285,2404,906,92,20,3,0,0,0,0,Yes
995,9,161,3452,461,53,18,5,3,2,0,2,No
996,3,45,2270,974,91,14,8,5,3,0,2,No
997,58,345,17399,1126,66,22,32,5,4,1,3,No
998,59,346,5488,827,84,13,6,6,5,1,2,No
999,43,273,19419,840,64,17,21,18,16,0,11,No
1001,3,61,2811,1134,37,14,4,2,2,2,2,No
1002,39,165,3633,248,42,15,9,9,8,0,8,No
1003,1,19,4163,955,83,17,9,9,0,0,7,No
1004,9,347,2132,138,48,11,7,5,2,0,1,Yes
1005,67,11,13973,939,95,18,22,12,11,1,5,No
1006,4,9,2684,1391,66,17,3,2,1,0,2,No
1007,10,147,10845,566,75,13,13,8,7,0,7,No
1009,28,147,4377,1206,41,15,5,4,2,3,2,No
1010,3,348,3743,622,39,24,5,4,2,0,2,Yes
1011,31,72,4148,853,96,12,4,4,3,0,3,No
1012,49,117,1051,287,73,15,0,0,0,0,0,No
1013,10,174,10739,1441,56,11,22,10,7,0,8,No
1014,17,47,10388,583,57,11,16,16,10,10,1,No
1015,15,349,11416,153,73,12,9,8,7,1,7,No
1016,9,350,2600,1097,98,15,1,1,0,0,0,Yes
1017,5,121,2422,109,60,17,4,3,2,1,2,Yes
1018,28,196,5472,1066,32,12,8,8,7,1,3,No
1019,3,351,2451,217,94,15,4,4,3,1,1,No
1022,7,111,4240,277,97,13,19,2,2,2,2,No
1024,17,58,10999,1355,78,14,27,15,11,4,8,No
1025,28,147,5003,549,42,14,8,2,2,2,1,No
1026,67,90,12742,466,65,16,21,21,6,11,8,No
1027,28,220,4227,1055,47,18,4,3,2,2,2,No
1028,3,352,3917,802,45,20,3,3,2,1,2,No
1029,18,353,18303,265,90,13,21,1,0,0,0,No
1030,3,220,2380,804,64,18,8,1,0,0,0,No
1032,67,339,13726,715,69,13,30,5,3,4,3,No
1033,7,354,4777,1141,61,15,15,1,0,0,0,Yes
1034,59,209,6385,135,62,14,17,8,7,6,7,No
1035,75,235,19973,247,55,22,21,21,16,5,10,No
1036,1,167,6861,1035,42,12,19,1,0,0,0,No
1037,24,185,4969,265,79,18,7,2,2,2,2,Yes
1038,18,25,19845,266,57,15,33,32,14,6,9,Yes
1039,38,19,13320,1448,53,18,23,12,11,11,11,No
1040,24,28,6347,145,95,12,19,18,7,0,13,No
1042,3,72,2743,885,43,16,18,17,13,15,14,Yes
1043,6,165,10880,945,82,13,21,21,6,2,8,No
1044,65,254,2342,1038,88,19,3,2,2,2,2,No
1045,12,259,17650,1234,90,13,26,9,3,1,1,No
1046,11,147,4025,1109,69,12,10,8,7,7,7,No
1047,1,254,9725,216,75,11,16,15,1,0,9,No
1048,53,355,11904,1089,66,14,14,6,4,0,4,No
1049,40,121,2177,788,36,16,6,6,3,0,4,No
1050,21,122,7525,124,38,12,30,15,7,6,12,No
1052,8,356,4834,660,81,14,9,1,0,0,0,Yes
1053,4,357,2042,342,57,14,6,3,2,1,2,Yes
1055,14,89,2220,1333,87,19,1,1,1,0,0,No
1056,14,358,1052,1144,74,22,1,1,0,0,0,No
1060,4,149,2821,1186,44,16,8,2,2,2,2,No
1061,23,56,19237,1464,62,11,29,8,1,7,7,No
1062,7,359,4107,124,35,15,8,4,3,0,1,No
1066,1,360,8396,300,74,14,8,7,7,7,5,No
1068,4,86,2007,921,66,13,5,5,3,1,3,No
1069,23,45,19627,430,40,17,23,2,2,2,2,No
1070,29,58,10686,1082,41,11,13,9,4,7,0,No
1071,4,179,2942,1240,63,19,18,5,4,0,3,No
1073,10,320,8858,796,51,11,15,14,8,7,8,No
1074,51,361,16756,444,40,15,31,9,7,6,2,No
1076,29,36,10798,415,79,13,18,1,0,0,0,No
1077,48,85,2323,769,54,14,2,2,2,0,2,Yes
1079,3,175,1416,1334,36,13,1,1,0,1,0,Yes
1080,33,362,4615,1003,74,23,19,16,13,1,7,No
1081,9,363,2461,1323,34,12,18,10,0,2,7,Yes
1082,26,351,8722,1366,72,12,10,10,7,1,9,Yes
1083,3,207,3955,192,59,16,6,5,3,1,3,No
1084,28,105,9957,1176,85,15,7,6,2,0,2,No
1085,9,93,3376,509,43,13,10,10,6,0,8,No
1088,17,364,8823,330,65,18,20,19,9,1,9,No
1092,17,152,10322,1492,61,20,14,11,10,11,1,No
1094,11,111,4621,1277,87,19,3,3,2,1,2,No
1096,6,203,10976,1091,65,18,23,3,2,1,2,No
1097,33,306,3660,857,59,13,10,8,7,1,7,No
1098,70,185,10482,1376,91,14,24,20,6,3,6,Yes
1099,17,90,7119,654,34,15,9,3,2,1,2,No
1100,29,362,9582,1204,86,22,9,8,7,4,7,Yes
1101,2,365,4508,827,54,22,14,13,7,3,8,Yes
1102,3,12,2207,895,50,16,4,4,2,2,2,No
1103,59,211,7756,618,45,17,7,6,2,0,4,No
1105,1,19,6694,309,88,14,8,1,0,0,0,No
1106,3,366,3691,1219,32,15,7,7,7,5,6,Yes
1107,3,98,2377,1330,37,20,1,1,1,0,0,Yes
1108,9,367,2313,1017,55,20,5,2,2,2,2,Yes
1109,30,37,17665,469,35,17,23,22,6,13,7,No
1111,5,368,2596,1009,45,15,1,1,0,0,0,Yes
1113,20,11,4728,959,81,14,5,0,0,0,0,Yes
1114,20,148,4302,970,30,17,4,3,2,0,2,No
1115,49,21,2979,697,40,17,6,0,0,0,0,No
1116,51,227,16885,1262,35,22,27,5,4,2,1,No
1117,24,41,5593,1050,65,13,15,15,10,4,12,No
1118,17,120,10445,994,87,19,18,8,6,4,0,No
1119,29,14,8740,770,73,14,9,8,7,2,7,No
1120,9,128,2514,1107,93,22,11,7,5,1,7,No
1121,10,369,7655,950,93,17,10,9,7,1,7,No
1124,12,111,17465,406,52,12,23,12,9,4,9,No
1125,29,148,7351,130,32,16,10,1,0,0,0,No
1126,6,72,10820,1082,83,11,18,8,7,0,1,No
1127,36,25,12169,203,84,11,21,18,7,11,5,Yes
1128,23,168,19626,1308,44,14,21,20,7,4,9,No
1131,9,322,2070,984,70,11,2,2,2,2,2,No
1132,39,102,6782,439,70,15,9,5,4,0,3,No
1133,13,96,7779,217,78,20,18,11,9,0,9,No
1135,48,74,2791,793,67,12,3,2,2,2,2,No
1136,9,354,3201,1451,67,17,6,5,3,0,4,No
1137,20,45,4968,1182,54,11,5,5,2,0,2,No
1138,38,203,13120,174,56,17,22,9,8,2,3,No
1140,31,31,4033,1003,95,11,5,3,2,0,2,No
1143,4,150,3291,490,61,14,8,7,5,1,1,No
1148,8,161,4272,188,56,19,16,1,0,0,0,No
1150,28,201,5056,718,79,15,10,10,7,1,2,No
1152,40,306,2844,433,37,13,7,7,6,5,0,No
1154,4,89,2703,773,39,14,3,3,1,0,2,No
1156,11,127,1904,247,80,12,0,0,0,0,0,Yes
1157,1,281,8224,603,77,17,6,5,2,0,3,Yes
1158,3,370,4766,167,46,11,6,1,0,0,0,No
1160,5,245,2610,874,72,12,2,2,2,2,2,Yes
1161,7,36,5731,367,52,13,9,6,2,1,3,No
1162,9,217,2539,199,55,13,4,4,2,2,2,No
1163,1,371,5714,1400,70,20,6,6,5,1,3,No
1164,40,372,4323,528,100,17,6,5,4,1,4,No
1165,29,272,7336,408,45,13,11,11,8,3,10,Yes
1166,27,373,13499,593,88,17,20,18,7,2,13,No
1167,60,374,13758,481,44,12,22,21,9,13,14,Yes
1171,1,289,5155,647,45,13,9,6,4,1,5,No
1172,3,147,2258,982,58,12,10,8,0,1,7,No
1173,3,266,3597,477,49,22,6,4,3,1,2,No
1175,3,375,2515,1485,79,11,1,1,1,0,0,Yes
1177,3,225,4420,1384,82,22,8,8,7,0,7,No
1179,1,149,6578,852,72,18,10,10,3,1,4,No
1180,2,112,4422,902,92,13,16,1,1,0,0,No
1182,10,180,10274,819,44,18,15,7,7,6,4,No
1184,59,376,5343,669,97,20,14,13,9,4,9,No
1185,5,259,2376,636,47,13,2,2,2,2,2,No
1188,1,356,5346,1372,85,13,7,4,3,1,3,Yes
1190,65,72,2827,862,76,12,1,1,0,0,0,No
1191,16,37,19943,718,92,13,28,5,2,4,2,No
1192,3,161,3131,1401,54,13,10,10,8,0,8,No
1193,9,231,2552,645,54,25,1,1,1,0,0,No
1195,9,377,4477,1457,83,19,7,3,2,0,2,No
1196,28,320,6474,977,56,13,14,14,8,3,11,No
1198,3,378,3033,805,87,12,2,2,2,1,2,No
1200,9,107,2936,1097,96,11,6,6,4,0,2,Yes
1201,16,147,18606,1223,50,18,26,7,7,4,7,No
1202,9,30,2168,942,69,18,6,5,4,1,3,No
1203,4,186,2853,1256,48,11,1,0,0,0,0,Yes
1204,12,379,17048,1402,69,23,28,26,15,15,9,No
1206,49,39,2290,111,74,13,6,0,0,0,0,No
1207,40,41,3600,147,99,13,5,5,4,1,4,No
1210,49,380,2107,906,95,17,5,1,0,0,0,Yes
1211,1,72,4115,1329,61,19,8,4,3,0,3,No
1212,20,120,4327,1184,62,12,5,0,0,0,0,No
1215,47,376,17856,1421,30,22,32,2,2,2,2,No
1216,3,146,3196,1179,78,12,6,6,5,3,3,No
1217,23,252,19081,1450,52,11,25,4,2,0,3,No
1218,1,200,8966,1361,94,15,15,7,7,1,7,No
1219,3,381,2210,984,97,13,1,1,0,0,0,Yes
1220,20,277,4539,1146,82,12,10,10,7,0,1,No
1221,3,174,2741,917,60,14,7,7,7,1,7,No
1224,8,364,3491,853,49,13,10,10,7,8,9,No
1225,33,73,4541,200,32,25,20,20,11,13,17,No
1226,14,21,2678,654,43,17,2,2,1,2,2,No
1228,28,6,7379,150,60,11,12,6,3,1,4,No
1231,76,292,6272,179,79,16,10,4,3,0,3,No
1233,1,239,5220,696,52,18,12,11,7,1,9,No
1234,5,333,2743,116,77,20,2,2,2,2,2,No
1235,2,11,4998,1316,38,14,10,8,7,0,7,No
1237,10,304,10252,363,77,21,17,7,7,7,7,No
1238,9,220,2781,117,60,13,15,14,10,4,10,No
1239,1,382,6852,107,84,12,7,5,1,1,3,No
1240,1,271,4950,1356,57,14,5,4,3,1,1,No
1241,9,383,3579,1465,63,21,12,11,9,5,7,No
1242,27,195,13191,458,60,17,20,1,0,0,0,No
1243,54,319,10377,1212,78,11,16,13,2,4,12,No
1244,9,384,2235,1103,42,14,9,9,7,6,8,No
1245,6,385,10502,966,53,17,33,5,4,1,4,No
1246,9,25,2011,1117,72,13,10,10,5,7,7,No
1248,49,386,1859,504,96,25,1,1,1,0,0,Yes
1249,9,176,3760,1010,97,15,3,3,2,1,2,No
1250,58,33,17779,685,85,14,36,10,9,0,9,No
1251,7,387,6833,1332,80,12,6,6,5,0,1,No
1252,7,64,6812,1062,96,19,10,10,9,1,8,No
1254,1,21,5171,326,48,17,13,6,1,0,5,No
1255,23,271,19740,920,96,14,25,8,7,0,7,No
1256,16,54,18711,1098,85,13,23,1,0,0,0,No
1257,4,102,3692,469,46,12,12,11,10,0,7,No
1258,3,138,2559,969,76,11,7,1,0,0,0,No
1259,9,179,2517,1167,76,11,5,5,3,0,3,No
1260,7,186,6623,1329,82,11,6,6,0,1,0,No
1263,23,29,18265,715,76,12,25,1,0,0,0,No
1264,58,320,16124,694,87,14,9,7,7,1,7,No
1265,9,22,2585,1320,89,17,2,1,0,0,0,No
1267,18,59,18213,1099,88,11,26,22,9,3,10,No
1268,29,11,8380,536,82,14,10,9,8,0,8,No
1269,9,70,2994,265,57,12,1,1,0,0,1,No
1270,9,388,1223,373,47,22,1,1,0,0,1,No
1273,48,389,1118,599,73,14,1,1,0,1,0,Yes
1275,9,308,2875,583,53,20,8,8,5,2,2,No
1277,18,390,18824,1449,94,16,26,24,10,1,11,Yes
1278,77,219,13577,177,37,15,34,33,9,15,0,No
1279,5,391,2625,251,45,20,2,2,2,2,2,Yes
1280,18,148,18789,168,33,14,26,11,4,0,8,No
1281,1,200,4538,131,86,12,4,3,2,0,2,No
1282,78,392,19847,237,83,24,31,29,10,11,10,No
1283,10,103,10512,1429,67,12,25,9,7,5,4,No
1285,22,279,4444,135,46,13,15,11,8,5,10,No
1286,5,270,2154,791,44,11,5,4,2,0,2,No
1288,16,240,19190,1199,92,14,26,25,9,14,13,No
1289,79,202,4490,648,56,11,14,10,9,1,8,No
1291,9,89,3506,735,66,14,4,3,2,2,2,No
1292,33,261,2372,603,78,16,18,1,0,0,0,No
1293,29,116,10231,531,56,14,23,21,7,15,17,No
1294,28,209,5410,429,53,11,18,16,14,5,12,No
1295,17,25,7978,621,73,11,10,10,7,0,5,Yes
1296,5,85,3867,193,52,12,2,2,2,2,2,No
1297,5,393,2838,968,40,14,8,7,0,7,7,No
1298,13,107,4695,879,72,18,10,8,4,1,7,No
1299,3,151,3339,806,39,13,10,7,7,7,7,Yes
1301,9,118,2080,640,84,11,5,3,2,1,2,No
1303,9,150,2096,266,40,18,2,2,2,2,1,No
1304,1,394,6209,604,56,15,10,10,7,0,8,No
1306,63,395,18061,364,83,22,22,0,0,0,0,No
1307,30,209,17123,412,94,13,21,19,9,15,2,No
1308,9,111,2372,848,88,12,2,2,2,2,2,No
1309,8,28,4883,1089,79,18,10,10,4,1,1,Yes
1310,9,35,3904,360,93,13,6,5,2,0,3,Yes
1311,8,176,4627,1138,48,12,10,9,2,6,7,No
1312,17,28,7094,325,63,12,10,7,7,1,7,No
1314,40,396,3423,991,44,12,10,7,6,5,7,No
1315,39,74,6674,1476,55,11,10,9,8,7,5,No
1317,58,264,16880,1322,43,11,25,3,2,1,2,No
1318,29,397,9094,299,57,12,9,5,4,1,0,Yes
1319,29,398,8446,1030,64,19,10,8,7,7,7,Yes
1321,45,399,11916,634,95,23,9,9,1,0,8,No
1322,28,133,4534,524,32,11,9,8,7,1,7,No
1324,54,60,9852,587,57,19,10,10,8,9,6,No
1329,24,122,6151,256,40,13,19,19,2,11,9,No
1331,48,400,2302,1060,54,11,3,3,2,2,2,Yes
1333,3,401,2362,935,89,12,10,3,2,1,2,Yes
1334,51,132,17861,495,37,13,21,20,8,2,10,No
1336,16,39,19187,282,58,14,23,19,9,9,11,No
1338,71,252,19717,206,99,14,36,7,3,7,7,No
1340,49,58,3544,458,74,16,6,4,2,0,0,No
1344,17,103,8500,943,86,11,10,9,7,1,6,No
1346,33,36,4661,523,98,13,9,9,8,8,8,No
1349,20,95,4103,1018,66,17,10,9,3,1,7,No
1350,2,14,4249,482,87,11,9,9,6,1,1,No
1352,80,402,14026,770,84,11,33,33,9,0,10,No
1355,1,185,6893,1009,31,15,11,7,7,1,7,No
1356,1,249,6125,507,66,12,10,10,8,9,6,No
1358,3,6,3669,882,67,11,7,3,2,1,2,No
1360,10,387,10008,601,53,14,31,10,9,5,9,Yes
1361,3,395,2387,329,88,22,7,4,2,0,3,No
1362,20,57,4639,607,83,16,17,15,7,6,13,No
1363,10,90,7898,855,54,11,11,10,9,0,8,No
1364,14,271,2534,1291,98,14,5,1,0,0,0,No
1367,67,369,13142,1405,82,16,29,5,2,0,3,No
1368,11,29,1611,1124,97,15,0,0,0,0,0,No
1369,8,196,5363,817,60,12,10,9,7,0,0,No
1371,20,73,5071,793,43,20,8,6,2,0,0,No
1372,38,377,13695,267,85,17,24,19,7,3,8,Yes
1373,67,218,13402,1369,68,12,33,19,16,15,9,No
1374,49,403,2029,999,92,20,5,5,4,0,0,No
1375,7,235,6377,1202,89,20,15,12,11,11,8,No
1377,8,69,5429,285,86,13,10,8,7,7,7,No
1379,48,394,2785,703,90,14,3,1,0,0,0,Yes
1380,20,270,4614,662,67,18,5,4,2,3,2,Yes
1382,4,39,2610,693,57,11,4,4,2,0,3,No
1383,7,87,6687,404,98,11,14,14,11,4,11,No
1387,1,72,4724,736,48,11,5,5,3,0,4,No
1389,28,104,6179,330,98,15,10,10,2,6,7,Yes
1390,1,404,6120,1498,44,12,8,5,4,1,4,No
1391,21,62,10596,541,52,11,14,4,2,3,2,No
1392,2,327,5467,1200,75,14,12,6,2,3,3,No
1394,9,89,2996,1439,54,15,8,6,4,1,3,No
1395,20,405,9998,1111,61,13,8,5,4,1,2,No
1396,1,406,4078,499,36,13,4,3,2,1,2,No
1397,26,407,10920,1485,71,21,13,6,4,0,5,No
1399,1,356,6232,1372,93,11,6,3,2,1,2,No
1401,72,408,13247,322,59,11,24,5,3,0,2,No
1402,33,409,4081,930,73,14,20,20,7,1,8,No
1403,1,307,5769,205,98,11,6,6,2,4,4,No
1405,9,11,2394,135,51,13,8,8,2,7,7,Yes
1407,9,25,3904,683,36,12,5,4,3,1,1,No
1408,80,72,16799,1147,31,14,21,20,7,0,9,No
1409,3,410,2950,258,54,13,12,5,4,0,4,No
1411,3,133,3629,1462,94,18,8,3,2,0,2,No
1412,6,36,9362,200,60,11,10,2,2,2,2,No
1415,3,302,3229,949,81,11,7,3,2,0,2,No
1417,3,95,3578,652,100,12,8,7,7,0,7,No
1419,70,351,7988,332,51,13,10,10,9,0,9,No
1420,22,312,4284,1475,97,20,20,4,3,1,3,Yes
1421,37,339,7553,337,84,12,9,8,7,7,7,Yes
1422,58,103,17328,971,54,19,29,20,7,12,7,No
1423,23,285,19701,1055,76,21,32,9,8,1,5,No
1424,58,263,14732,1136,81,13,31,7,7,0,0,No
1425,1,198,9278,1174,99,16,15,5,4,0,1,No
1427,48,232,1359,667,50,12,1,1,0,0,0,Yes
1428,1,178,4779,855,73,14,8,3,2,0,2,No
1430,58,411,16422,182,93,11,9,3,2,1,0,No
1431,4,146,2996,560,91,14,10,4,3,1,3,No
1433,9,411,1261,202,34,12,1,1,0,0,0,Yes
1434,3,412,2099,1377,91,14,6,5,0,1,4,No
1435,8,211,5810,172,37,16,10,10,4,1,8,No
1436,1,175,5647,329,98,13,11,3,2,0,2,No
1438,9,211,3420,465,74,12,17,6,5,1,2,No
1439,14,207,4400,383,68,12,6,3,2,2,2,Yes
1440,11,413,3500,1413,84,14,7,6,5,1,3,No
1441,9,414,2066,1255,90,22,5,3,2,1,0,No
1443,58,273,17169,359,82,19,26,20,17,5,6,No
1445,1,4,4162,1476,42,12,5,5,4,0,3,No
1446,1,6,9204,601,97,12,7,4,3,0,3,No
1447,3,359,3294,401,86,17,7,5,4,0,2,No
1448,9,415,2127,1283,90,12,7,4,2,0,3,No
1449,39,228,3975,663,81,11,11,8,7,0,7,No
1453,29,176,10793,326,31,18,13,13,7,9,9,No
1457,29,416,10096,377,52,11,28,7,7,4,3,Yes
1458,11,417,3646,592,54,23,11,1,0,0,0,Yes
1459,6,122,7446,1445,100,11,10,10,8,4,7,Yes
1460,17,158,10851,1038,95,18,24,7,7,0,7,No
1461,40,144,2109,1398,96,18,8,3,2,0,2,No
1464,5,355,3722,523,94,13,7,2,2,2,2,Yes
1465,10,418,9380,1448,55,18,10,3,1,1,2,No
1466,1,35,5486,1221,96,11,15,2,2,2,2,No
1467,40,111,2742,1107,52,15,2,2,2,2,2,Yes
1468,57,148,13757,218,55,11,16,9,8,4,8,No
1469,1,37,8463,866,84,18,6,5,4,1,3,No
1471,11,127,3162,981,90,14,7,5,2,0,3,No
1472,58,369,16598,447,39,12,35,9,8,8,8,No
1473,7,356,6651,1495,96,14,20,3,2,1,2,No
1474,9,228,2345,896,68,14,8,3,1,1,2,No
1475,9,138,3420,1467,49,13,6,5,2,1,3,No
1477,20,419,4373,430,54,14,5,4,3,0,3,No
1478,1,37,4759,1326,81,18,15,13,9,3,12,No
1479,1,82,5301,1358,96,15,4,2,1,2,2,No
1480,5,18,3673,748,74,13,12,12,9,5,8,No
1481,20,38,4768,383,79,12,11,1,0,0,0,No
1482,49,9,1274,990,64,13,1,1,0,0,0,No
1483,33,371,4900,405,93,24,13,12,9,2,8,No
1484,17,61,10466,1490,35,14,29,8,7,0,7,No
1485,81,26,17007,829,71,14,16,14,8,6,9,No
1486,48,420,2909,1496,92,15,5,3,2,1,2,Yes
1487,20,354,5765,115,51,11,7,5,3,0,0,Yes
1489,1,421,4599,790,40,23,16,15,9,10,10,Yes
1492,14,28,2404,660,76,13,1,1,0,0,0,No
1494,5,349,3172,381,89,11,4,0,0,0,0,Yes
1495,65,148,2033,830,78,13,1,1,0,0,0,No
1496,6,101,10209,1193,86,18,16,2,2,2,2,No
1497,1,174,8620,1246,77,14,10,10,7,0,4,No
1499,40,422,2064,330,46,21,6,5,3,1,3,No
1501,7,3,4035,1229,30,16,4,3,2,1,2,No
1502,3,5,3838,1099,82,11,8,5,4,0,2,No
1503,1,47,4591,571,78,17,11,5,4,1,2,No
1504,5,105,2561,289,38,11,8,0,0,0,0,Yes
1506,9,423,1563,1423,72,14,1,1,0,0,0,No
1507,20,95,4898,467,55,14,5,4,2,1,3,No
1509,8,379,4789,271,43,25,10,3,2,1,2,No
1513,5,148,3180,410,97,13,4,3,2,0,2,No
1514,28,340,6549,1083,96,14,8,8,6,1,7,No
1515,7,210,6388,516,69,17,14,0,0,0,0,No
1516,45,424,11244,495,64,25,10,5,2,0,0,No
1520,47,425,16032,1050,87,20,26,14,9,1,12,No
1522,9,426,2362,224,100,13,11,9,7,0,7,Yes
1523,58,396,16328,136,32,13,24,20,6,14,17,No
1525,10,120,8376,1089,32,18,9,2,0,2,2,No
1527,12,202,16606,228,51,12,23,13,12,5,1,No
1529,17,129,8606,1029,91,19,11,11,8,3,3,No
1533,8,179,2272,507,97,14,5,4,3,1,2,No
1534,3,427,2018,676,86,14,15,5,4,1,0,Yes
1535,29,11,7083,971,64,14,10,10,9,8,6,No
1537,4,385,4084,561,33,12,7,7,2,7,7,Yes
1539,81,389,14411,333,88,13,32,32,6,13,9,No
1541,14,428,2308,1440,55,25,12,11,10,5,7,No
1542,3,61,4841,1210,68,14,4,1,0,0,0,No
1543,33,176,4285,674,47,17,10,10,8,3,7,No
1544,7,72,9715,441,39,13,9,7,7,0,7,No
1545,28,144,4320,575,44,13,5,5,3,0,2,No
1546,9,199,2132,950,97,20,8,5,4,0,3,No
1547,37,337,10124,288,40,14,24,20,8,13,9,No
1548,1,429,5473,1342,47,12,9,8,4,7,1,No
1549,8,430,5207,589,79,12,15,15,14,5,7,No
1550,80,431,16437,898,38,21,21,21,7,7,7,No
1551,3,64,2296,350,57,14,2,1,1,0,0,No
1552,41,19,4069,1142,72,18,8,2,2,2,2,No
1553,17,368,7441,538,66,12,10,10,8,7,7,No
1554,14,432,2430,1402,98,23,6,5,3,4,2,No
1555,33,252,5878,824,67,12,12,7,1,2,5,No
1556,14,433,2644,1157,70,21,7,3,2,1,2,No
1557,1,174,6439,492,96,14,18,8,7,7,7,No
1558,9,364,2451,598,91,18,5,1,0,0,0,No
1560,1,244,6392,1242,46,13,8,2,2,2,2,No
1562,1,185,9714,740,64,11,10,10,8,6,7,Yes
1563,79,174,6077,888,71,11,10,6,3,1,2,No
1564,3,178,2450,992,68,19,3,3,0,1,2,No
1568,29,61,9250,1288,33,12,9,4,2,1,3,No
1569,3,301,2074,104,69,12,1,1,0,0,0,Yes
1572,10,271,10169,607,78,16,34,33,7,1,9,Yes
1573,28,122,4855,903,81,11,7,5,2,1,4,Yes
1574,35,118,4087,1200,62,14,9,6,5,1,2,No
1576,9,240,2367,1108,65,12,10,8,2,7,6,No
1577,9,434,2972,479,35,13,1,1,0,0,0,No
1578,18,243,19586,685,60,21,36,36,6,2,13,No
1580,33,204,5484,1351,45,17,9,2,2,2,1,No
1581,9,96,2061,474,89,21,1,1,0,0,0,No
1582,1,24,9924,1245,80,11,10,9,8,7,7,No
1583,1,382,4198,437,90,12,8,3,2,1,2,No
1585,1,69,6815,884,73,13,15,1,0,0,0,No
1586,3,305,4723,1370,87,18,10,10,9,1,5,No
1587,7,32,6142,670,51,16,10,5,2,0,4,No
1588,29,28,8237,1462,38,11,11,7,6,7,6,No
1590,59,435,8853,995,87,19,6,6,4,1,3,No
1591,18,107,19331,264,59,16,27,1,0,0,0,No
1592,9,39,2073,977,45,16,4,2,2,2,2,No
1594,22,301,5562,1302,80,13,9,3,2,0,2,No
1595,16,199,19613,1059,93,22,24,1,0,0,1,No
1596,8,169,3407,750,46,17,10,10,9,6,8,No
1597,59,436,5063,653,92,14,8,8,2,7,7,No
1598,1,146,4639,118,84,15,5,5,4,1,2,No
1599,3,148,4876,990,87,12,8,6,4,0,2,No
1601,3,437,2690,1349,63,18,1,1,0,0,1,No
1602,12,427,17567,563,56,15,27,26,0,0,12,No
1604,3,334,2408,329,51,17,1,1,1,0,0,Yes
1605,49,101,2814,457,85,14,4,4,2,1,3,No
1606,36,106,11245,1234,41,15,32,30,8,12,13,No
1607,9,117,3312,634,35,17,6,3,2,0,2,No
1608,23,313,19049,1313,31,14,23,22,7,1,10,No
1609,9,190,2141,241,48,12,6,6,4,1,1,No
1611,8,223,5769,1015,50,14,10,10,7,1,4,No
1612,24,207,4385,336,52,15,10,10,7,4,5,No
1613,20,37,5332,715,54,13,10,5,2,0,3,No
1614,28,14,4663,559,76,12,7,3,2,1,1,No
1615,31,74,4724,426,42,13,9,9,7,7,2,No
1617,3,240,3211,722,84,14,10,9,6,1,4,No
1618,28,185,5377,1387,76,13,10,7,7,7,7,No
1619,3,419,4066,1302,67,11,7,7,7,0,7,No
1621,33,185,5208,819,48,11,16,16,15,1,10,No
1622,28,438,4877,580,39,21,6,5,3,0,0,No
1623,9,36,3117,546,97,18,3,2,2,2,2,No
1624,48,256,1569,544,70,12,0,0,0,0,0,Yes
1625,71,217,19658,1176,98,11,27,5,2,1,0,No
1627,8,127,3069,170,76,15,11,10,8,0,7,No
1628,10,111,10435,884,80,13,18,18,15,14,12,No
1630,41,127,4148,208,52,12,15,14,11,2,9,No
1631,28,364,5768,671,85,17,9,4,3,0,2,No
1633,31,423,5042,711,81,13,10,9,2,3,8,No
1635,28,33,5770,1329,59,19,10,10,7,3,9,No
1638,10,156,7756,397,54,19,10,5,4,0,2,No
1639,29,146,10306,737,55,17,15,13,12,6,0,Yes
1640,9,439,3936,1470,71,11,8,8,4,7,7,No
1641,10,375,7945,448,84,15,18,4,2,3,3,No
1642,79,51,5743,602,37,11,14,10,7,0,2,No
1644,47,440,15202,365,89,25,23,2,2,2,2,No
1645,1,212,5440,763,59,14,7,2,2,2,2,Yes
1646,4,51,3760,567,32,13,6,6,3,1,3,No
1647,9,69,3517,486,86,17,5,3,2,0,2,No
1648,4,6,2580,591,87,13,6,4,2,1,2,No
1649,3,441,2166,1329,73,14,10,4,2,0,3,Yes
1650,1,174,5869,469,42,11,8,5,2,1,4,No
1651,17,15,8008,711,42,12,9,3,2,0,2,No
1653,31,217,5206,772,77,17,7,7,7,0,7,No
1654,28,283,5295,492,66,21,7,5,4,1,0,No
1655,58,183,16413,301,72,16,27,4,2,1,2,No
1656,15,146,13269,813,50,15,19,14,11,1,11,No
1657,14,149,2783,1141,31,19,2,2,2,2,2,No
1658,33,148,5433,1130,66,12,11,11,8,7,9,No
1659,3,10,2013,311,77,11,15,4,3,1,3,No
1661,50,14,13966,465,41,19,30,15,11,2,12,No
1662,13,217,4374,894,33,15,4,3,2,1,2,No
1664,7,442,6842,1040,79,20,13,5,4,0,4,No
1665,30,42,17426,584,91,25,36,10,8,4,7,No
1666,58,135,17603,1291,65,24,14,14,10,6,11,No
1667,20,443,4581,880,36,24,13,11,9,6,7,Yes
1668,2,116,4735,1189,90,15,19,13,11,2,9,No
1669,1,444,4187,991,43,13,10,10,0,0,9,No
1670,1,90,5505,392,93,14,6,6,2,0,4,No
1671,33,138,5470,977,45,13,10,9,5,1,6,No
1673,1,176,5476,1112,67,11,10,10,0,0,2,No
1674,3,300,2587,464,74,16,17,2,2,2,2,No
1675,5,358,2440,148,42,22,4,4,3,3,3,No
1676,12,59,15972,1225,47,14,29,3,2,1,2,No
1677,30,149,15379,809,36,14,23,8,7,0,0,No
1678,29,11,7082,1206,80,16,21,2,0,0,2,No
1591,18,107,19331,264,59,16,27,1,0,0,0,No
1203,4,186,2853,1256,48,11,1,0,0,0,0,Yes
1596,8,169,3407,750,46,17,10,10,9,6,8,No
1549,8,430,5207,589,79,12,15,15,14,5,7,No
1473,7,356,6651,1495,96,14,20,3,2,1,2,No
160,24,99,6146,750,95,13,8,7,7,0,7,No
625,12,234,16595,1276,91,16,22,18,16,11,8,No
448,22,214,5257,559,82,11,9,9,7,0,0,No
116,3,73,2075,432,96,23,10,4,2,0,3,No
1587,7,32,6142,670,51,16,10,5,2,0,4,No
1219,3,381,2210,984,97,13,1,1,0,0,0,Yes
171,4,41,4739,957,72,12,18,3,2,1,2,No
1068,4,86,2007,921,66,13,5,5,3,1,3,No
463,1,218,8268,144,39,14,7,7,7,1,7,No
1117,24,41,5593,1050,65,13,15,15,10,4,12,No
514,4,143,2285,464,40,23,3,1,0,0,0,Yes
1336,16,39,19187,282,58,14,23,19,9,9,11,No
381,45,190,11996,1315,71,18,10,7,7,6,2,No
1665,30,42,17426,584,91,25,36,10,8,4,7,No
616,41,262,6811,509,62,17,10,8,7,0,7,No
27,14,20,3407,1218,82,23,10,5,3,0,3,Yes
346,9,74,2340,665,60,19,6,6,5,1,5,No
1036,1,167,6861,1035,42,12,19,1,0,0,0,No
1198,3,378,3033,805,87,12,2,2,2,1,2,No
639,9,239,2725,691,89,11,6,6,5,1,4,No
1533,8,179,2272,507,97,14,5,4,3,1,2,No
698,70,279,10725,397,88,15,16,9,7,7,1,No
976,30,320,17099,1053,70,15,26,9,8,7,8,No
1372,38,377,13695,267,85,17,24,19,7,3,8,Yes
258,50,148,13734,313,98,18,21,7,7,1,0,No
1340,49,58,3544,458,74,16,6,4,2,0,0,No
957,3,165,4721,263,59,13,20,18,13,2,17,No
1340,49,58,3544,458,74,16,6,4,2,0,0,No
780,9,68,2686,527,63,13,10,10,9,7,8,Yes
1160,5,245,2610,874,72,12,2,2,2,2,2,Yes
1625,71,217,19658,1176,98,11,27,5,2,1,0,No
897,38,18,11836,868,73,14,28,2,0,2,2,No
26,13,12,4011,673,96,18,5,4,2,1,3,No
1172,3,147,2258,982,58,12,10,8,0,1,7,No
227,9,133,2451,465,56,12,13,9,8,1,8,No
516,1,148,5715,759,46,12,8,5,4,1,3,No
830,28,174,6162,859,98,12,14,14,13,6,8,No
430,5,74,2455,185,33,19,9,8,7,1,7,No
18,3,13,2661,1346,93,11,3,2,2,1,2,No
333,24,74,4465,976,100,18,4,3,2,2,2,No
1077,48,85,2323,769,54,14,2,2,2,0,2,Yes
783,19,69,6632,954,46,13,9,8,7,3,1,No
1254,1,21,5171,326,48,17,13,6,1,0,5,No
120,1,76,5441,632,71,22,11,10,7,1,0,No
1336,16,39,19187,282,58,14,23,19,9,9,11,No
691,33,63,6646,1017,82,13,17,17,11,11,8,No
1076,29,36,10798,415,79,13,18,1,0,0,0,No
45,9,30,2293,813,61,16,6,2,0,2,0,Yes
283,29,159,7639,121,35,22,10,10,4,1,9,Yes
1558,9,364,2451,598,91,18,5,1,0,0,0,No
1445,1,4,4162,1476,42,12,5,5,4,0,3,No
1439,14,207,4400,383,68,12,6,3,2,2,2,Yes
784,9,111,3505,310,79,18,2,2,2,0,2,No
1595,16,199,19613,1059,93,22,24,1,0,0,1,No
982,29,168,7264,231,62,11,10,8,4,7,7,No
532,60,240,13212,906,86,11,36,7,7,7,7,No
1014,17,47,10388,583,57,11,16,16,10,10,1,No
218,49,129,2024,691,57,18,6,2,2,2,2,No
275,13,155,6804,1002,92,15,7,7,7,1,7,No
1402,33,409,4081,930,73,14,20,20,7,1,8,No
373,3,90,3210,1403,47,11,16,15,13,10,11,No
1131,9,322,2070,984,70,11,2,2,2,2,2,No
612,58,86,16184,922,95,19,10,6,1,0,5,No
1433,9,411,1261,202,34,12,1,1,0,0,0,Yes
404,60,202,13525,555,77,14,23,20,4,4,8,No
1003,1,19,4163,955,83,17,9,9,0,0,7,No
455,3,13,3983,738,30,17,4,3,2,2,2,No
1231,76,292,6272,179,79,16,10,4,3,0,3,No
1520,47,425,16032,1050,87,20,26,14,9,1,12,No
1100,29,362,9582,1204,86,22,9,8,7,4,7,Yes
299,20,105,6696,334,52,15,9,6,3,0,1,Yes
1055,14,89,2220,1333,87,19,1,1,1,0,0,No
254,23,24,18722,692,61,11,36,24,15,2,15,No
505,30,205,16659,1311,97,13,30,5,4,1,2,No
664,30,272,15402,1236,40,11,21,3,2,0,2,No
1499,40,422,2064,330,46,21,6,5,3,1,3,No
1659,3,10,2013,311,77,11,15,4,3,1,3,No
19,3,14,2028,103,50,14,6,4,2,0,3,Yes
83,17,58,10096,1223,59,13,17,17,14,12,8,No
712,1,120,8120,817,56,12,12,2,2,2,2,No
1623,9,36,3117,546,97,18,3,2,2,2,2,No
899,10,252,10903,672,78,16,16,13,10,4,8,No
1539,81,389,14411,333,88,13,32,32,6,13,9,No
1639,29,146,10306,737,55,17,15,13,12,6,0,Yes
820,30,50,16752,202,33,11,26,26,14,3,0,No
521,8,235,3448,555,78,22,20,1,0,0,0,No
560,9,247,2886,1349,90,22,3,3,2,0,2,No
394,3,198,2373,1449,45,13,5,3,2,0,2,Yes
502,24,230,5304,1362,67,13,9,5,2,0,4,Yes
316,3,114,3212,1323,89,15,6,2,2,2,2,No
1434,3,412,2099,1377,91,14,6,5,0,1,4,No
53,3,36,1951,464,75,12,1,1,0,0,0,No
1481,20,38,4768,383,79,12,11,1,0,0,0,No
177,40,108,2942,1355,61,23,8,8,7,5,7,No
274,31,72,4298,472,60,19,6,2,2,2,0,No
1081,9,363,2461,1323,34,12,18,10,0,2,7,Yes
1296,5,85,3867,193,52,12,2,2,2,2,2,No
1486,48,420,2909,1496,92,15,5,3,2,1,2,Yes
1509,8,379,4789,271,43,25,10,3,2,1,2,No
682,1,276,8381,238,34,20,18,14,7,8,10,No
543,10,4,7969,319,39,14,28,5,4,0,4,No
1116,51,227,16885,1262,35,22,27,5,4,2,1,No
131,38,82,13872,682,37,13,38,37,10,1,8,No
952,14,334,2413,867,36,18,1,1,0,0,0,Yes
1010,3,348,3743,622,39,24,5,4,2,0,2,Yes
1349,20,95,4103,1018,66,17,10,9,3,1,7,No
846,1,311,4779,760,81,20,8,8,7,7,5,No
893,14,120,2899,395,98,19,3,2,2,1,2,No
1448,9,415,2127,1283,90,12,7,4,2,0,3,No
682,1,276,8381,238,34,20,18,14,7,8,10,No
1061,23,56,19237,1464,62,11,29,8,1,7,7,No
527,1,239,4487,891,99,11,5,5,4,1,3,No
1218,1,200,8966,1361,94,15,15,7,7,1,7,No
1103,59,211,7756,618,45,17,7,6,2,0,4,No
522,23,236,19406,821,86,11,24,4,2,1,2,No
284,9,160,2328,1136,60,16,4,4,2,2,2,No
1466,1,35,5486,1221,96,11,15,2,2,2,2,No
1246,9,25,2011,1117,72,13,10,10,5,7,7,No
1207,40,41,3600,147,99,13,5,5,4,1,4,No
1030,3,220,2380,804,64,18,8,1,0,0,0,No
781,1,295,6180,883,32,23,6,6,5,1,4,No
1438,9,211,3420,465,74,12,17,6,5,1,2,No
126,15,79,13549,1217,60,12,16,4,3,0,3,No
653,1,269,5460,525,66,22,13,7,7,5,7,No
316,3,114,3212,1323,89,15,6,2,2,2,2,No
1037,24,185,4969,265,79,18,7,2,2,2,2,Yes
1676,12,59,15972,1225,47,14,29,3,2,1,2,No
741,9,198,2216,654,67,13,10,7,7,3,7,Yes
1492,14,28,2404,660,76,13,1,1,0,0,0,No
717,17,258,8621,1442,46,14,9,8,7,7,7,No
1664,7,442,6842,1040,79,20,13,5,4,0,4,No
1568,29,61,9250,1288,33,12,9,4,2,1,3,No
802,9,300,2782,571,82,13,6,5,3,4,3,No
950,15,178,13582,1333,80,13,15,15,12,5,11,No
769,8,45,2450,346,86,17,19,2,2,2,2,No
1427,48,232,1359,667,50,12,1,1,0,0,0,Yes
896,14,106,2800,341,48,19,5,3,2,0,2,Yes
1105,1,19,6694,309,88,14,8,1,0,0,0,No
1481,20,38,4768,383,79,12,11,1,0,0,0,No
258,50,148,13734,313,98,18,21,7,7,1,0,No
875,4,70,2515,1271,35,14,8,2,1,2,2,No
867,72,243,13826,890,81,22,31,9,8,0,0,No
1368,11,29,1611,1124,97,15,0,0,0,0,0,No
991,49,344,2321,335,46,22,4,3,2,1,2,Yes
900,48,271,2973,1231,54,15,10,5,4,0,0,No
433,33,208,4941,723,85,15,11,8,2,7,7,Yes
952,14,334,2413,867,36,18,1,1,0,0,0,Yes
923,9,71,2693,1427,65,19,1,1,0,0,0,Yes
1604,3,334,2408,329,51,17,1,1,1,0,0,Yes
591,5,41,2093,1474,97,17,8,2,2,2,0,No
781,1,295,6180,883,32,23,6,6,5,1,4,No
1604,3,334,2408,329,51,17,1,1,1,0,0,Yes
1329,24,122,6151,256,40,13,19,19,2,11,9,No
1558,9,364,2451,598,91,18,5,1,0,0,0,No
975,1,58,4601,1219,86,16,5,5,2,1,0,No
148,44,19,17328,142,30,12,23,5,3,4,4,No
2,2,2,5130,279,61,23,10,10,7,1,7,No
889,20,120,6524,379,48,14,10,10,8,5,3,No
303,1,37,5940,1147,52,14,16,6,2,0,5,No
1195,9,377,4477,1457,83,19,7,3,2,0,2,No
513,29,232,7596,164,61,13,10,10,9,9,0,No
1624,48,256,1569,544,70,12,0,0,0,0,0,Yes
1520,47,425,16032,1050,87,20,26,14,9,1,12,No
1014,17,47,10388,583,57,11,16,16,10,10,1,No
338,9,177,2911,832,63,13,2,2,2,0,2,No
1164,40,372,4323,528,100,17,6,5,4,1,4,No
277,4,156,3815,878,43,17,5,5,3,2,0,No
161,9,100,4963,441,72,18,7,5,4,4,3,Yes
531,63,106,19197,1218,52,14,21,21,8,1,6,No
1061,23,56,19237,1464,62,11,29,8,1,7,7,No
401,1,85,5828,950,48,12,8,8,7,7,4,Yes
385,23,193,19144,797,96,14,28,10,4,1,6,No
1238,9,220,2781,117,60,13,15,14,10,4,10,No
270,13,58,5265,926,36,16,11,5,3,0,2,No
1380,20,270,4614,662,67,18,5,4,2,3,2,Yes
1040,24,28,6347,145,95,12,19,18,7,0,13,No
194,9,38,2632,438,75,14,5,5,4,0,4,No
842,1,177,5160,436,37,16,12,9,7,7,3,Yes
1617,3,240,3211,722,84,14,10,9,6,1,4,No
253,16,147,19033,989,46,14,21,20,8,9,9,No
622,3,131,2340,471,66,18,1,1,0,0,0,Yes
916,1,220,4908,821,98,14,4,4,2,0,2,No
1055,14,89,2220,1333,87,19,1,1,1,0,0,No
1334,51,132,17861,495,37,13,21,20,8,2,10,No
533,1,232,6577,1082,83,11,6,5,4,4,4,No
198,3,117,2720,1427,35,13,6,5,3,1,2,No
1649,3,441,2166,1329,73,14,10,4,2,0,3,Yes
1207,40,41,3600,147,99,13,5,5,4,1,4,No
659,7,271,4089,622,81,13,10,10,2,2,2,No
1295,17,25,7978,621,73,11,10,10,7,0,5,Yes
758,3,289,2500,650,37,14,5,4,3,0,2,No
455,3,13,3983,738,30,17,4,3,2,2,2,No
1219,3,381,2210,984,97,13,1,1,0,0,0,Yes
888,11,318,3162,1269,46,17,6,5,2,3,4,No
635,28,190,6447,446,65,12,8,6,5,4,3,No
202,2,121,5605,1395,54,11,20,20,7,2,13,No
362,8,37,2176,128,84,13,9,6,2,0,4,No
194,9,38,2632,438,75,14,5,5,4,0,4,No
465,9,177,2904,1309,83,12,4,4,2,0,2,No
861,4,204,3761,1012,75,12,10,5,4,0,3,No
1433,9,411,1261,202,34,12,1,1,0,0,0,Yes
1234,5,333,2743,116,77,20,2,2,2,2,2,No
2,2,2,5130,279,61,23,10,10,7,1,7,No
1252,7,64,6812,1062,96,19,10,10,9,1,8,No
347,33,165,6545,916,82,13,10,3,2,0,2,No
606,1,258,4805,561,61,19,9,8,7,3,7,No
1494,5,349,3172,381,89,11,4,0,0,0,0,Yes
1664,7,442,6842,1040,79,20,13,5,4,0,4,No
1430,58,411,16422,182,93,11,9,3,2,1,0,No
12,6,8,9526,216,44,21,10,9,7,1,8,No
1586,3,305,4723,1370,87,18,10,10,9,1,5,No
1131,9,322,2070,984,70,11,2,2,2,2,2,No
286,5,161,2153,635,73,13,8,8,1,1,7,No
1625,71,217,19658,1176,98,11,27,5,2,1,0,No
534,29,15,8392,645,49,16,10,10,7,0,7,No
204,29,122,7295,662,94,13,10,10,8,0,6,No
70,26,49,9884,1097,79,13,10,4,0,2,3,No
1612,24,207,4385,336,52,15,10,10,7,4,5,No
867,72,243,13826,890,81,22,31,9,8,0,0,No
812,11,94,2694,1092,60,11,1,1,0,0,0,No
138,33,86,4809,665,41,14,16,16,13,2,10,No
347,33,165,6545,916,82,13,10,3,2,0,2,No
1602,12,427,17567,563,56,15,27,26,0,0,12,No
692,59,278,7725,1296,30,23,15,13,11,4,7,No
131,38,82,13872,682,37,13,38,37,10,1,8,No
205,19,123,2306,1436,34,20,13,7,7,4,5,No
1277,18,390,18824,1449,94,16,26,24,10,1,11,Yes
1228,28,6,7379,150,60,11,12,6,3,1,4,No
455,3,13,3983,738,30,17,4,3,2,2,2,No
1138,38,203,13120,174,56,17,22,9,8,2,3,No
1667,20,443,4581,880,36,24,13,11,9,6,7,Yes
1338,71,252,19717,206,99,14,36,7,3,7,7,No
217,9,128,2323,1256,80,24,2,2,2,2,2,No
1111,5,368,2596,1009,45,15,1,1,0,0,0,Yes
527,1,239,4487,891,99,11,5,5,4,1,3,No
1131,9,322,2070,984,70,11,2,2,2,2,2,No
1631,28,364,5768,671,85,17,9,4,3,0,2,No
531,63,106,19197,1218,52,14,21,21,8,1,6,No
887,9,64,3580,1418,36,16,7,4,2,0,2,No
1486,48,420,2909,1496,92,15,5,3,2,1,2,Yes
958,3,163,2519,938,79,21,16,11,8,3,9,No
616,41,262,6811,509,62,17,10,8,7,0,7,No
1334,51,132,17861,495,37,13,21,20,8,2,10,No
631,24,39,4707,1474,60,12,6,4,2,1,2,Yes
1474,9,228,2345,896,68,14,8,3,1,1,2,No
1038,18,25,19845,266,57,15,33,32,14,6,9,Yes
49,14,33,2014,890,97,13,2,2,2,2,2,No
315,9,50,2389,896,86,13,4,4,3,0,1,Yes
780,9,68,2686,527,63,13,10,10,9,7,8,Yes
585,14,252,2983,413,57,14,4,3,2,1,2,No
33,4,23,3919,1125,72,22,10,10,2,6,7,Yes
309,9,74,2177,142,70,17,7,1,0,0,0,No
1107,3,98,2377,1330,37,20,1,1,1,0,0,Yes
389,8,70,5415,147,37,19,12,10,7,0,8,No
1231,76,292,6272,179,79,16,10,4,3,0,3,No
1346,33,36,4661,523,98,13,9,9,8,8,8,No
606,1,258,4805,561,61,19,9,8,7,3,7,No
1436,1,175,5647,329,98,13,11,3,2,0,2,No
1131,9,322,2070,984,70,11,2,2,2,2,2,No
913,9,305,2559,661,61,13,8,8,7,7,1,No
749,14,174,2642,1396,99,11,1,1,0,0,0,No
1513,5,148,3180,410,97,13,4,3,2,0,2,No
21,9,16,3298,334,80,12,7,6,2,0,5,No
1677,30,149,15379,809,36,14,23,8,7,0,0,No
214,9,125,3346,1145,75,20,9,1,0,0,0,No
643,3,266,2127,823,94,21,1,1,0,0,0,No
1506,9,423,1563,1423,72,14,1,1,0,0,0,No
707,1,283,4851,810,57,22,4,3,2,1,2,No
131,38,82,13872,682,37,13,38,37,10,1,8,No
1494,5,349,3172,381,89,11,4,0,0,0,0,Yes
385,23,193,19144,797,96,14,28,10,4,1,6,No
669,14,174,3447,1343,49,11,3,3,2,1,2,No
411,14,28,1200,812,69,12,0,0,0,0,0,No
246,9,143,3929,140,95,23,7,4,2,0,2,No
838,4,36,2553,702,100,16,6,5,2,1,3,No
1586,3,305,4723,1370,87,18,10,10,9,1,5,No
976,30,320,17099,1053,70,15,26,9,8,7,8,No
1397,26,407,10920,1485,71,21,13,6,4,0,5,No
1607,9,117,3312,634,35,17,6,3,2,0,2,No
259,16,149,19999,699,65,14,34,33,18,11,9,No
346,9,74,2340,665,60,19,6,6,5,1,5,No
1379,48,394,2785,703,90,14,3,1,0,0,0,Yes
1294,28,209,5410,429,53,11,18,16,14,5,12,No
1665,30,42,17426,584,91,25,36,10,8,4,7,No
167,14,104,1675,528,50,19,0,0,0,0,0,Yes
22,11,17,2935,1123,96,13,1,1,0,0,0,No
784,9,111,3505,310,79,18,2,2,2,0,2,No
789,54,299,7587,1434,76,15,10,10,7,0,9,No
956,20,64,4294,1283,52,12,7,7,7,0,7,No
864,29,165,10761,930,74,12,18,5,4,0,2,No
1193,9,231,2552,645,54,25,1,1,1,0,0,No
1350,2,14,4249,482,87,11,9,9,6,1,1,No
207,21,117,8998,967,43,14,9,9,8,3,7,No
661,58,201,16627,782,50,14,21,1,0,0,0,No
1088,17,364,8823,330,65,18,20,19,9,1,9,No
1592,9,39,2073,977,45,16,4,2,2,2,2,No
337,27,69,13675,1327,73,12,9,2,2,2,2,No
1496,6,101,10209,1193,86,18,16,2,2,2,2,No
1048,53,355,11904,1089,66,14,14,6,4,0,4,No
733,6,286,8793,294,32,21,9,9,7,1,7,No
1285,22,279,4444,135,46,13,15,11,8,5,10,No
544,9,242,2654,192,69,21,8,2,2,0,2,No
717,17,258,8621,1442,46,14,9,8,7,7,7,No
1154,4,89,2703,773,39,14,3,3,1,0,2,No
1259,9,179,2517,1167,76,11,5,5,3,0,3,No
46,9,31,2645,1273,72,12,6,5,3,1,4,No
954,29,335,9705,658,67,12,11,1,0,0,0,No
24,9,19,3944,371,45,11,6,3,2,1,2,No
437,1,210,4478,1377,74,11,5,5,4,0,4,No
699,28,280,8847,913,48,11,13,3,2,0,2,No
530,3,146,2218,329,98,12,4,4,2,3,2,No
905,51,206,17924,881,98,11,31,31,6,14,7,No
1367,67,369,13142,1405,82,16,29,5,2,0,3,No
632,48,90,2400,535,38,13,3,2,2,2,1,No
1644,47,440,15202,365,89,25,23,2,2,2,2,No
1577,9,434,2972,479,35,13,1,1,0,0,0,No
1162,9,217,2539,199,55,13,4,4,2,2,2,No
1011,31,72,4148,853,96,12,4,4,3,0,3,No
1193,9,231,2552,645,54,25,1,1,1,0,0,No
64,25,46,5381,626,98,13,23,1,0,0,0,Yes
797,9,13,3280,182,72,16,10,4,2,1,3,No
1618,28,185,5377,1387,76,13,10,7,7,7,7,No
201,3,120,1483,1181,79,14,1,1,0,0,0,No
428,62,203,11878,553,74,11,12,10,6,8,8,No
789,54,299,7587,1434,76,15,10,10,7,0,9,No
417,17,126,9613,1132,48,17,19,18,10,3,7,No
950,15,178,13582,1333,80,13,15,15,12,5,11,No
1166,27,373,13499,593,88,17,20,18,7,2,13,No
1522,9,426,2362,224,100,13,11,9,7,0,7,Yes
1412,6,36,9362,200,60,11,10,2,2,2,2,No
593,5,174,3894,1368,99,16,4,2,2,1,2,Yes
846,1,311,4779,760,81,20,8,8,7,7,5,No
1397,26,407,10920,1485,71,21,13,6,4,0,5,No
363,12,77,16872,488,75,12,28,7,7,7,7,No
1520,47,425,16032,1050,87,20,26,14,9,1,12,No
1415,3,302,3229,949,81,11,7,3,2,0,2,No
7,3,5,3468,591,40,12,6,2,2,2,2,No
1591,18,107,19331,264,59,16,27,1,0,0,0,No
1073,10,320,8858,796,51,11,15,14,8,7,8,No
1226,14,21,2678,654,43,17,2,2,1,2,2,No
1396,1,406,4078,499,36,13,4,3,2,1,2,No
1238,9,220,2781,117,60,13,15,14,10,4,10,No
60,24,42,4568,1065,72,20,10,9,5,8,7,No
1212,20,120,4327,1184,62,12,5,0,0,0,0,No
1140,31,31,4033,1003,95,11,5,3,2,0,2,No
1304,1,394,6209,604,56,15,10,10,7,0,8,No
910,40,322,2277,1075,57,11,7,4,3,0,3,No
372,50,186,13496,1385,79,14,21,20,7,4,10,No
493,9,209,2657,408,42,16,3,2,2,2,2,No
880,10,115,10685,607,66,20,17,17,14,5,15,No
1595,16,199,19613,1059,93,22,24,1,0,0,1,No
911,3,323,2795,374,87,24,1,1,0,0,1,Yes
158,46,97,16959,394,92,12,25,25,12,4,12,No
1158,3,370,4766,167,46,11,6,1,0,0,0,No
1529,17,129,8606,1029,91,19,11,11,8,3,3,No
1028,3,352,3917,802,45,20,3,3,2,1,2,No
153,45,95,11631,1354,45,12,14,11,10,5,8,No
1099,17,90,7119,654,34,15,9,3,2,1,2,No
1621,33,185,5208,819,48,11,16,16,15,1,10,No
1427,48,232,1359,667,50,12,1,1,0,0,0,Yes
1529,17,129,8606,1029,91,19,11,11,8,3,3,No
878,40,317,2342,1278,77,21,6,5,4,0,3,No
700,9,25,2045,1115,54,13,5,4,2,1,1,No
1113,20,11,4728,959,81,14,5,0,0,0,0,Yes
1582,1,24,9924,1245,80,11,10,9,8,7,7,No
1609,9,190,2141,241,48,12,6,6,4,1,1,No
773,9,293,3057,268,92,13,6,1,0,0,1,No
657,9,166,2836,959,83,13,1,1,0,0,0,No
1252,7,64,6812,1062,96,19,10,10,9,1,8,No
983,24,186,5666,152,85,13,6,5,3,1,3,No
805,14,302,2572,384,72,16,3,3,2,0,2,No
1098,70,185,10482,1376,91,14,24,20,6,3,6,Yes
1203,4,186,2853,1256,48,11,1,0,0,0,0,Yes
338,9,177,2911,832,63,13,2,2,2,0,2,No
1553,17,368,7441,538,66,12,10,10,8,7,7,No
206,8,124,2348,194,60,18,20,17,9,0,15,No
1403,1,307,5769,205,98,11,6,6,2,4,4,No
1568,29,61,9250,1288,33,12,9,4,2,1,3,No
972,39,340,4447,805,57,12,9,9,7,0,8,No
1546,9,199,2132,950,97,20,8,5,4,0,3,No
1507,20,95,4898,467,55,14,5,4,2,1,3,No
1422,58,103,17328,971,54,19,29,20,7,12,7,No
124,37,78,10673,638,40,13,21,10,9,9,5,No
1340,49,58,3544,458,74,16,6,4,2,0,0,No
1425,1,198,9278,1174,99,16,15,5,4,0,1,No
606,1,258,4805,561,61,19,9,8,7,3,7,No
1273,48,389,1118,599,73,14,1,1,0,1,0,Yes
300,9,22,2058,992,85,14,7,6,2,1,5,Yes
638,23,4,19502,1245,58,17,31,31,9,0,9,No
578,8,174,3780,548,42,11,19,1,0,0,0,No
460,28,6,6347,1192,61,16,8,6,2,0,4,No
758,3,289,2500,650,37,14,5,4,3,0,2,No
477,7,225,6781,1332,98,23,14,1,0,0,0,No
28,15,10,11994,419,53,11,13,12,6,2,11,No
714,20,284,4647,1410,71,20,6,6,5,0,4,No
1587,7,32,6142,670,51,16,10,5,2,0,4,No
1113,20,11,4728,959,81,14,5,0,0,0,0,Yes
1052,8,356,4834,660,81,14,9,1,0,0,0,Yes
591,5,41,2093,1474,97,17,8,2,2,2,0,No
1066,1,360,8396,300,74,14,8,7,7,7,5,No
1431,4,146,2996,560,91,14,10,4,3,1,3,No
704,11,174,1281,727,41,18,1,1,0,0,0,No
1467,40,111,2742,1107,52,15,2,2,2,2,2,Yes
1100,29,362,9582,1204,86,22,9,8,7,4,7,Yes
453,1,215,7457,1124,57,22,6,4,3,0,2,No
352,23,111,19436,1416,49,19,22,21,7,3,9,No
669,14,174,3447,1343,49,11,3,3,2,1,2,No
1251,7,387,6833,1332,80,12,6,6,5,0,1,No
216,48,127,2231,303,75,18,6,4,3,1,2,No
1191,16,37,19943,718,92,13,28,5,2,4,2,No
960,3,299,2973,129,84,19,1,1,0,0,0,Yes
505,30,205,16659,1311,97,13,30,5,4,1,2,No
1338,71,252,19717,206,99,14,36,7,3,7,7,No
961,7,337,5855,616,41,11,10,9,7,8,5,No
1673,1,176,5476,1112,67,11,10,10,0,0,2,No
1502,3,5,3838,1099,82,11,8,5,4,0,2,No
390,59,195,4741,496,60,13,5,5,3,3,3,No
526,7,89,4522,1473,74,14,8,5,2,0,2,No
15,8,11,4193,153,49,12,10,9,5,0,8,No
675,9,275,2773,604,69,20,3,2,2,2,2,No
1043,6,165,10880,945,82,13,21,21,6,2,8,No
45,9,30,2293,813,61,16,6,2,0,2,0,Yes
1011,31,72,4148,853,96,12,4,4,3,0,3,No
1185,5,259,2376,636,47,13,2,2,2,2,2,No
118,29,21,9619,669,64,16,9,9,8,4,7,Yes
1076,29,36,10798,415,79,13,18,1,0,0,0,No
836,28,309,4434,933,98,13,10,9,8,7,8,No
1363,10,90,7898,855,54,11,11,10,9,0,8,No
1439,14,207,4400,383,68,12,6,3,2,2,2,Yes
558,18,127,18041,1398,79,14,21,20,15,1,12,No
151,33,94,4505,1031,45,15,12,1,0,0,0,No
851,12,38,16307,1318,66,14,29,20,6,4,17,No
1150,28,201,5056,718,79,15,10,10,7,1,2,No
1552,41,19,4069,1142,72,18,8,2,2,2,2,No
550,28,245,4810,1485,87,14,19,10,7,0,8,No
1013,10,174,10739,1441,56,11,22,10,7,0,8,No
1438,9,211,3420,465,74,12,17,6,5,1,2,No
1050,21,122,7525,124,38,12,30,15,7,6,12,No
941,14,81,2329,154,41,15,13,7,7,5,2,No
613,53,260,11557,688,44,21,10,5,4,0,1,No
1283,10,103,10512,1429,67,12,25,9,7,5,4,No
260,9,150,2279,894,99,16,7,7,7,0,3,No
1026,67,90,12742,466,65,16,21,21,6,11,8,No
1586,3,305,4723,1370,87,18,10,10,9,1,5,No
1374,49,403,2029,999,92,20,5,5,4,0,0,No
1422,58,103,17328,971,54,19,29,20,7,12,7,No
126,15,79,13549,1217,60,12,16,4,3,0,3,No
922,14,22,2044,500,49,13,2,2,2,0,2,Yes
47,14,32,2683,869,86,14,3,3,2,0,2,Yes
384,31,192,6397,1479,84,20,6,6,5,1,4,No
299,20,105,6696,334,52,15,9,6,3,0,1,Yes
1212,20,120,4327,1184,62,12,5,0,0,0,0,No
1220,20,277,4539,1146,82,12,10,10,7,0,1,No
79,22,45,2406,653,50,11,10,10,3,9,9,No
825,23,219,19246,286,31,12,40,31,15,13,8,Yes
1013,10,174,10739,1441,56,11,22,10,7,0,8,No
526,7,89,4522,1473,74,14,8,5,2,0,2,No
975,1,58,4601,1219,86,16,5,5,2,1,0,No
1471,11,127,3162,981,90,14,7,5,2,0,3,No
242,9,140,2500,134,90,14,4,3,1,0,2,No
525,5,238,2258,313,61,20,8,3,2,1,2,No
595,1,161,4051,163,37,14,14,9,7,6,7,No
98,28,40,4424,746,61,23,11,11,7,1,8,No
364,3,182,3485,529,79,11,5,0,0,0,0,Yes
611,28,259,4262,232,34,12,8,3,2,1,2,No
1001,3,61,2811,1134,37,14,4,2,2,2,2,No
1019,3,351,2451,217,94,15,4,4,3,1,1,No
1190,65,72,2827,862,76,12,1,1,0,0,0,No
194,9,38,2632,438,75,14,5,5,4,0,4,No
1239,1,382,6852,107,84,12,7,5,1,1,3,No
1546,9,199,2132,950,97,20,8,5,4,0,3,No
1586,3,305,4723,1370,87,18,10,10,9,1,5,No
525,5,238,2258,313,61,20,8,3,2,1,2,No
1478,1,37,4759,1326,81,18,15,13,9,3,12,No
1319,29,398,8446,1030,64,19,10,8,7,7,7,Yes
1245,6,385,10502,966,53,17,33,5,4,1,4,No
1653,31,217,5206,772,77,17,7,7,7,0,7,No
1645,1,212,5440,763,59,14,7,2,2,2,2,Yes
787,16,298,19859,725,78,13,24,5,2,1,4,Yes
1496,6,101,10209,1193,86,18,16,2,2,2,2,No
143,9,90,2889,1280,64,11,2,2,2,2,1,No
1501,7,3,4035,1229,30,16,4,3,2,1,2,No
1303,9,150,2096,266,40,18,2,2,2,2,1,No
527,1,239,4487,891,99,11,5,5,4,1,3,No
878,40,317,2342,1278,77,21,6,5,4,0,3,No
1628,10,111,10435,884,80,13,18,18,15,14,12,No
1667,20,443,4581,880,36,24,13,11,9,6,7,Yes
1017,5,121,2422,109,60,17,4,3,2,1,2,Yes
325,3,170,2436,813,58,13,8,5,4,0,4,Yes
912,3,18,2532,1086,62,14,8,4,3,0,3,No
1039,38,19,13320,1448,53,18,23,12,11,11,11,No
813,8,8,3149,1325,82,20,9,5,2,1,4,No
1458,11,417,3646,592,54,23,11,1,0,0,0,Yes
1551,3,64,2296,350,57,14,2,1,1,0,0,No
1333,3,401,2362,935,89,12,10,3,2,1,2,Yes
663,22,3,5679,1001,72,13,10,8,7,4,7,No
1275,9,308,2875,583,53,20,8,8,5,2,2,No
1673,1,176,5476,1112,67,11,10,10,0,0,2,No
231,9,135,3038,120,43,20,8,5,4,1,4,No
1317,58,264,16880,1322,43,11,25,3,2,1,2,No
1103,59,211,7756,618,45,17,7,6,2,0,4,No
878,40,317,2342,1278,77,21,6,5,4,0,3,No
36,17,25,10248,477,42,14,24,22,6,5,17,No
1669,1,444,4187,991,43,13,10,10,0,0,9,No
456,1,217,6118,570,30,13,10,10,9,1,2,No
677,1,127,7104,1216,39,12,6,5,0,1,2,No
698,70,279,10725,397,88,15,16,9,7,7,1,No
299,20,105,6696,334,52,15,9,6,3,0,1,Yes
1627,8,127,3069,170,76,15,11,10,8,0,7,No
1547,37,337,10124,288,40,14,24,20,8,13,9,No
595,1,161,4051,163,37,14,14,9,7,6,7,No
1225,33,73,4541,200,32,25,20,20,11,13,17,No
227,9,133,2451,465,56,12,13,9,8,1,8,No
119,36,75,13503,530,78,22,22,22,3,11,11,No
996,3,45,2270,974,91,14,8,5,3,0,2,No
51,9,34,3419,852,82,14,6,1,1,0,0,No
1619,3,419,4066,1302,67,11,7,7,7,0,7,No
238,5,138,2088,1480,30,12,13,8,7,7,2,No
904,54,198,7642,1252,32,13,10,10,0,0,9,No
1043,6,165,10880,945,82,13,21,21,6,2,8,No
1529,17,129,8606,1029,91,19,11,11,8,3,3,No
641,1,265,6272,703,66,20,6,5,3,1,4,No
612,58,86,16184,922,95,19,10,6,1,0,5,No
1156,11,127,1904,247,80,12,0,0,0,0,0,Yes
1250,58,33,17779,685,85,14,36,10,9,0,9,No
1443,58,273,17169,359,82,19,26,20,17,5,6,No
515,3,233,3034,1107,95,12,18,18,7,12,17,No
467,64,69,2976,1309,99,19,5,0,0,0,0,No
258,50,148,13734,313,98,18,21,7,7,1,0,No
684,20,206,4286,306,100,14,5,1,1,0,0,Yes
1143,4,150,3291,490,61,14,8,7,5,1,1,No
1295,17,25,7978,621,73,11,10,10,7,0,5,Yes
1301,9,118,2080,640,84,11,5,3,2,1,2,No
1608,23,313,19049,1313,31,14,23,22,7,1,10,No
176,29,107,8189,802,96,13,12,9,7,0,7,No
75,3,49,4014,1142,30,15,4,2,2,2,2,No
954,29,335,9705,658,67,12,11,1,0,0,0,No
934,3,62,2008,546,83,14,1,1,0,1,0,No
238,5,138,2088,1480,30,12,13,8,7,7,2,No
1128,23,168,19626,1308,44,14,21,20,7,4,9,No
1650,1,174,5869,469,42,11,8,5,2,1,4,No
103,34,67,5021,945,80,22,16,4,2,0,2,No
1240,1,271,4950,1356,57,14,5,4,3,1,1,No
277,4,156,3815,878,43,17,5,5,3,2,0,No
1055,14,89,2220,1333,87,19,1,1,1,0,0,No
60,24,42,4568,1065,72,20,10,9,5,8,7,No
1644,47,440,15202,365,89,25,23,2,2,2,2,No
910,40,322,2277,1075,57,11,7,4,3,0,3,No
632,48,90,2400,535,38,13,3,2,2,2,1,No
1364,14,271,2534,1291,98,14,5,1,0,0,0,No
1461,40,144,2109,1398,96,18,8,3,2,0,2,No
1022,7,111,4240,277,97,13,19,2,2,2,2,No
1085,9,93,3376,509,43,13,10,10,6,0,8,No
1361,3,395,2387,329,88,22,7,4,2,0,3,No
478,48,226,2174,756,99,11,3,3,2,1,2,Yes
1367,67,369,13142,1405,82,16,29,5,2,0,3,No
927,3,201,2778,1085,57,13,10,7,7,1,0,Yes
496,7,94,6540,755,97,19,10,1,1,0,0,No
1457,29,416,10096,377,52,11,28,7,7,4,3,Yes
1614,28,14,4663,559,76,12,7,3,2,1,1,No
941,14,81,2329,154,41,15,13,7,7,5,2,No
118,29,21,9619,669,64,16,9,9,8,4,7,Yes
974,48,271,2157,1404,84,15,3,3,1,0,2,No
738,14,144,3875,316,54,15,4,2,2,2,2,No
1016,9,350,2600,1097,98,15,1,1,0,0,0,Yes
1216,3,146,3196,1179,78,12,6,6,5,3,3,No
53,3,36,1951,464,75,12,1,1,0,0,0,No
1027,28,220,4227,1055,47,18,4,3,2,2,2,No
680,4,163,2083,160,71,20,1,1,0,0,0,No
1344,17,103,8500,943,86,11,10,9,7,1,6,No
1646,4,51,3760,567,32,13,6,6,3,1,3,No
1295,17,25,7978,621,73,11,10,10,7,0,5,Yes
618,1,133,4306,775,45,12,8,0,0,0,0,No
1016,9,350,2600,1097,98,15,1,1,0,0,0,Yes
1040,24,28,6347,145,95,12,19,18,7,0,13,No
1291,9,89,3506,735,66,14,4,3,2,2,2,No
1268,29,11,8380,536,82,14,10,9,8,0,8,No
518,28,136,4197,1305,49,12,18,1,0,0,1,No
1237,10,304,10252,363,77,21,17,7,7,7,7,No
350,28,111,4898,685,62,12,5,4,2,1,2,No
990,24,25,5079,1229,84,13,12,7,7,0,7,No
602,5,149,3755,443,48,11,8,8,3,0,7,No
13,7,9,5237,1299,94,13,17,7,7,7,7,No
1143,4,150,3291,490,61,14,8,7,5,1,1,No
1107,3,98,2377,1330,37,20,1,1,1,0,0,Yes
1226,14,21,2678,654,43,17,2,2,1,2,2,No
1448,9,415,2127,1283,90,12,7,4,2,0,3,No
1611,8,223,5769,1015,50,14,10,10,7,1,4,No
1431,4,146,2996,560,91,14,10,4,3,1,3,No
497,3,203,3816,1469,82,11,5,5,2,0,4,No
1542,3,61,4841,1210,68,14,4,1,0,0,0,No
197,9,37,3204,201,84,14,8,3,2,2,2,No
307,29,38,10609,119,76,12,17,16,10,5,13,No
